scenario,profile,slot_count,kind,prefill_batch,decode_batch,samples,prefill_queue_wait_us_mean,prefill_queue_wait_us_p95,decode_queue_wait_us_mean,decode_queue_wait_us_p95,prefill_gpu_ms_mean,prefill_gpu_ms_p95,decode_gpu_ms_mean,decode_gpu_ms_p95,makespan_gpu_ms_mean,makespan_gpu_ms_p95,overlap_ratio_mean,overlap_ratio_p95
prefill_bs1,prefill,16,1,1,0,48,226832.145,276118.90715000004,0.0,0.0,18.345327270833334,18.42340415,0.0,0.0,18.346556083333333,18.42462115,0.0,0.0
prefill_bs2,prefill,16,1,1,0,2,86097.9985,163584.18385,0.0,0.0,18.5478565,18.59507455,0.0,0.0,18.548976,18.59628,0.0,0.0
prefill_bs2,prefill,16,1,2,0,23,144602.6448695652,172192.8589,0.0,0.0,24.50348952173913,24.5991913,0.0,0.0,24.504720782608697,24.6004641,0.0,0.0
prefill_bs4,prefill,16,1,1,0,1,1.524,1.524,0.0,0.0,18.465887,18.465887,0.0,0.0,18.466911,18.466911,0.0,0.0
prefill_bs4,prefill,16,1,3,0,1,125124.234,125124.234,0.0,0.0,35.19379,35.19379,0.0,0.0,35.195007,35.195007,0.0,0.0
prefill_bs4,prefill,16,1,4,0,11,105400.57663636364,127717.065,0.0,0.0,41.60924763636364,41.921983499999996,0.0,0.0,41.61053427272727,41.9232155,0.0,0.0
prefill_bs8,prefill,16,1,1,0,1,1.626,1.626,0.0,0.0,18.908129,18.908129,0.0,0.0,18.909151,18.909151,0.0,0.0
prefill_bs8,prefill,16,1,7,0,1,74783.499,74783.499,0.0,0.0,68.243904,68.243904,0.0,0.0,68.245155,68.245155,0.0,0.0
prefill_bs8,prefill,16,1,8,0,5,63630.795000000006,81614.824,0.0,0.0,74.4456772,74.757109,0.0,0.0,74.446924,74.7583484,0.0,0.0
prefill_bs16,prefill,16,1,1,0,1,1.76,1.76,0.0,0.0,18.910175,18.910175,0.0,0.0,18.912224,18.912224,0.0,0.0
prefill_bs16,prefill,16,1,15,0,1,8.035,8.035,0.0,0.0,136.761185,136.761185,0.0,0.0,136.762436,136.762436,0.0,0.0
prefill_bs16,prefill,16,1,16,0,2,5323.7365,10106.80675,0.0,0.0,143.08078749999999,143.88368875,0.0,0.0,143.082016,143.8849384,0.0,0.0
decode_bs1,decode,16,1,1,0,5,1.5768,1.7738,0.0,0.0,18.3376384,18.5052672,0.0,0.0,18.3390014,18.5071494,0.0,0.0
decode_bs1,decode,16,2,0,1,533,0.0,0.0,83319.07609756097,132059.2894,0.0,0.0,6.342186866791745,6.4018752,6.344264405253283,6.4038784,0.0,0.0
decode_bs1,decode,16,3,1,1,19,121275.2842631579,273577.69169999997,81338.88452631579,142069.5304,20.50026947368421,20.633616,8.702932210526315,8.7600864,20.501495631578948,20.635090299999998,0.2979738421052632,0.30104149999999996
decode_bs2,decode,16,1,1,0,2,1.54,1.9143999999999999,0.0,0.0,18.3587525,18.507590450000002,0.0,0.0,18.360256,18.5091808,0.0,0.0
decode_bs2,decode,16,2,0,1,1,0.0,0.0,6470.575,6470.575,0.0,0.0,6.516288,6.516288,6.518304,6.518304,0.0,0.0
decode_bs2,decode,16,2,0,2,254,0.0,0.0,40612.201803149605,73392.39534999999,0.0,0.0,6.423335307086615,6.4739024,6.425404094488189,6.4759072,0.0,0.0
decode_bs2,decode,16,3,1,1,1,13142.853,13142.853,2.708,2.708,18.375456,18.375456,19.237823,19.237823,24.067808,24.067808,0.360125,0.360125
decode_bs2,decode,16,3,1,2,21,112066.33980952381,276436.848,50754.21619047619,81937.828,20.545990142857143,20.867264,8.893123047619047,9.078624,20.547178476190478,20.868448,0.3020407142857143,0.304973
decode_bs4,decode,16,1,1,0,2,1.3904999999999998,1.50705,0.0,0.0,18.373503499999998,18.53118395,0.0,0.0,18.3746405,18.53221925,0.0,0.0
decode_bs4,decode,16,2,0,1,1,0.0,0.0,1.897,1.897,0.0,0.0,6.660032,6.660032,6.662496,6.662496,0.0,0.0
decode_bs4,decode,16,2,0,2,1,0.0,0.0,2.398,2.398,0.0,0.0,6.579968,6.579968,6.581984,6.581984,0.0,0.0
decode_bs4,decode,16,2,0,3,1,0.0,0.0,2.38,2.38,0.0,0.0,6.655616,6.655616,6.6576,6.6576,0.0,0.0
decode_bs4,decode,16,2,0,4,116,0.0,0.0,19628.1703362069,35750.63575,0.0,0.0,6.755833379310345,6.825792,6.7579801379310345,6.827856,0.0,0.0
decode_bs4,decode,16,3,1,1,1,13130.518,13130.518,2.178,2.178,18.392992,18.392992,19.212223,19.212223,24.073215,24.073215,0.359844,0.359844
decode_bs4,decode,16,3,1,2,1,37254.788,37254.788,6.878,6.878,18.351328,18.351328,19.157568,19.157568,24.111839,24.111839,0.35717,0.35717
decode_bs4,decode,16,3,1,3,1,61389.696,61389.696,8.01,8.01,18.336288,18.336288,19.292353,19.292353,24.237823,24.237823,0.355868,0.355868
decode_bs4,decode,16,3,1,4,19,123396.10410526315,285690.45709999994,27695.705421052633,41216.016,20.629423210526316,20.8263105,9.502767157894738,9.772432,20.630634,20.8275222,0.3153078947368421,0.3209727
decode_bs8,decode,16,1,1,0,2,1.709,2.1158,0.0,0.0,18.305873,18.4377338,0.0,0.0,18.3069915,18.43876545,0.0,0.0
decode_bs8,decode,16,2,0,1,1,0.0,0.0,1.044,1.044,0.0,0.0,6.437888,6.437888,6.440096,6.440096,0.0,0.0
decode_bs8,decode,16,2,0,2,1,0.0,0.0,1.326,1.326,0.0,0.0,6.572576,6.572576,6.574592,6.574592,0.0,0.0
decode_bs8,decode,16,2,0,3,1,0.0,0.0,1.462,1.462,0.0,0.0,6.626464,6.626464,6.62848,6.62848,0.0,0.0
decode_bs8,decode,16,2,0,4,1,0.0,0.0,2.188,2.188,0.0,0.0,6.818688,6.818688,6.820704,6.820704,0.0,0.0
decode_bs8,decode,16,2,0,5,1,0.0,0.0,3.228,3.228,0.0,0.0,7.122848,7.122848,7.12704,7.12704,0.0,0.0
decode_bs8,decode,16,2,0,6,1,0.0,0.0,3.331,3.331,0.0,0.0,7.4536,7.4536,7.455648,7.455648,0.0,0.0
decode_bs8,decode,16,2,0,7,1,0.0,0.0,3.672,3.672,0.0,0.0,14.05584,14.05584,14.057856,14.057856,0.0,0.0
decode_bs8,decode,16,2,0,8,47,0.0,0.0,13225.088021276595,23623.9092,0.0,0.0,14.015345702127659,14.0531296,14.017401872340425,14.0552256,0.0,0.0
decode_bs8,decode,16,3,1,1,1,12972.476,12972.476,2.879,2.879,18.221439,18.221439,19.009537,19.009537,23.86496,23.86496,0.359003,0.359003
decode_bs8,decode,16,3,1,2,1,36909.245,36909.245,7.785,7.785,18.290655,18.290655,18.831776,18.831776,24.040735,24.040735,0.352393,0.352393
decode_bs8,decode,16,3,1,3,1,60975.294,60975.294,8.742,8.742,18.221632,18.221632,19.131359,19.131359,24.101313,24.101313,0.354769,0.354769
decode_bs8,decode,16,3,1,4,1,85149.95,85149.95,9.374,9.374,18.230433,18.230433,19.368929,19.368929,24.326143,24.326143,0.353017,0.353017
decode_bs8,decode,16,3,1,5,1,109501.354,109501.354,10.248,10.248,18.249121,18.249121,19.741695,19.741695,24.673311,24.673311,0.350545,0.350545
decode_bs8,decode,16,3,1,6,1,133707.966,133707.966,10.168,10.168,18.233055,18.233055,20.061537,20.061537,24.994783,24.994783,0.347303,0.347303
decode_bs8,decode,16,3,1,7,1,157732.369,157732.369,11.554,11.554,19.038689,19.038689,18.319937,18.319937,23.227104,23.227104,0.378267,0.378267
decode_bs8,decode,16,3,1,8,15,137835.10306666666,321204.28109999996,16540.022,23534.8758,19.079317333333332,19.2267303,18.39124693333333,18.5652448,23.365254266666668,23.616383,0.376436,0.3798939
decode_bs16,decode,16,1,1,0,2,1.3795000000000002,1.56895,0.0,0.0,18.2732965,18.39579775,0.0,0.0,18.274880500000002,18.397740849999998,0.0,0.0
decode_bs16,decode,16,2,0,1,1,0.0,0.0,2.156,2.156,0.0,0.0,6.516064,6.516064,6.51808,6.51808,0.0,0.0
decode_bs16,decode,16,2,0,2,1,0.0,0.0,2.208,2.208,0.0,0.0,6.51616,6.51616,6.518144,6.518144,0.0,0.0
decode_bs16,decode,16,2,0,3,1,0.0,0.0,2.496,2.496,0.0,0.0,6.64944,6.64944,6.651424,6.651424,0.0,0.0
decode_bs16,decode,16,2,0,4,1,0.0,0.0,2.913,2.913,0.0,0.0,6.845248,6.845248,6.847232,6.847232,0.0,0.0
decode_bs16,decode,16,2,0,5,1,0.0,0.0,2.834,2.834,0.0,0.0,7.159744,7.159744,7.161792,7.161792,0.0,0.0
decode_bs16,decode,16,2,0,6,1,0.0,0.0,3.175,3.175,0.0,0.0,7.513056,7.513056,7.515072,7.515072,0.0,0.0
decode_bs16,decode,16,2,0,7,2,0.0,0.0,3.2395,3.75565,0.0,0.0,14.075856,14.1027696,14.077856,14.104783999999999,0.0,0.0
decode_bs16,decode,16,2,0,8,8,0.0,0.0,2.74025,3.3940999999999995,0.0,0.0,14.08904,14.144160000000001,14.091028,14.1461552,0.0,0.0
decode_bs16,decode,16,2,0,9,1,0.0,0.0,3.67,3.67,0.0,0.0,14.187296,14.187296,14.18928,14.18928,0.0,0.0
decode_bs16,decode,16,2,0,10,1,0.0,0.0,4.116,4.116,0.0,0.0,14.199552,14.199552,14.201536,14.201536,0.0,0.0
decode_bs16,decode,16,2,0,11,1,0.0,0.0,4.399,4.399,0.0,0.0,14.228256,14.228256,14.23024,14.23024,0.0,0.0
decode_bs16,decode,16,2,0,12,1,0.0,0.0,4.213,4.213,0.0,0.0,14.232288,14.232288,14.234304,14.234304,0.0,0.0
decode_bs16,decode,16,2,0,13,1,0.0,0.0,4.423,4.423,0.0,0.0,14.309376,14.309376,14.311392,14.311392,0.0,0.0
decode_bs16,decode,16,2,0,14,1,0.0,0.0,4.653,4.653,0.0,0.0,14.318656,14.318656,14.324064,14.324064,0.0,0.0
decode_bs16,decode,16,2,0,15,1,0.0,0.0,17.3,17.3,0.0,0.0,14.251424,14.251424,14.25344,14.25344,0.0,0.0
decode_bs16,decode,16,2,0,16,9,0.0,0.0,2022.8845555555554,10901.900599999992,0.0,0.0,14.126741333333333,14.1626624,14.128814222222221,14.1648768,0.0,0.0
decode_bs16,decode,16,3,1,1,1,12937.479,12937.479,2.466,2.466,18.216991,18.216991,18.996161,18.996161,23.872864,23.872864,0.358483,0.358483
decode_bs16,decode,16,3,1,2,1,36857.426,36857.426,6.829,6.829,18.278879,18.278879,18.982529,18.982529,24.029984,24.029984,0.355097,0.355097
decode_bs16,decode,16,3,1,3,1,60910.337,60910.337,7.384,7.384,18.220703,18.220703,19.099297,19.099297,24.100639,24.100639,0.354217,0.354217
decode_bs16,decode,16,3,1,4,1,85082.42,85082.42,8.221,8.221,18.236832,18.236832,19.379871,19.379871,24.339775,24.339775,0.352953,0.352953
decode_bs16,decode,16,3,1,5,1,109446.195,109446.195,9.323,9.323,18.318081,18.318081,19.882175,19.882175,24.809919,24.809919,0.35053,0.35053
decode_bs16,decode,16,3,1,6,1,133781.48,133781.48,10.859,10.859,18.328575,18.328575,19.753857,19.753857,25.073471,25.073471,0.3416,0.3416
decode_bs16,decode,16,3,1,7,1,157881.72,157881.72,11.383,11.383,18.915775,18.915775,18.396608,18.396608,23.395905,23.395905,0.372972,0.372972
decode_bs16,decode,16,3,1,8,1,180304.097,180304.097,11.627,11.627,19.244255,19.244255,18.389631,18.389631,23.329952,23.329952,0.380081,0.380081
decode_bs16,decode,16,3,1,9,1,202662.236,202662.236,13.302,13.302,19.141825,19.141825,18.41552,18.41552,23.32336,23.32336,0.378993,0.378993
decode_bs16,decode,16,3,1,10,1,225014.881,225014.881,13.061,13.061,18.98704,18.98704,18.654943,18.654943,23.571903,23.571903,0.373787,0.373787
decode_bs16,decode,16,3,1,11,1,247615.682,247615.682,13.615,13.615,19.123137,19.123137,18.417664,18.417664,23.338144,23.338144,0.378326,0.378326
decode_bs16,decode,16,3,1,12,1,269985.608,269985.608,16.074,16.074,19.293695,19.293695,18.553663,18.553663,23.491327,23.491327,0.379314,0.379314
decode_bs16,decode,16,3,1,13,1,292506.608,292506.608,15.509,15.509,19.24592,19.24592,18.449921,18.449921,23.424641,23.424641,0.378588,0.378588
decode_bs16,decode,16,3,1,14,1,314964.44,314964.44,15.875,15.875,19.222303,19.222303,18.51232,18.51232,23.438368,23.438368,0.378863,0.378863
decode_bs16,decode,16,3,1,15,8,42180.461375,219333.33584999983,16.986,19.2535,19.199196375,19.3275514,18.571467875,18.72077565,23.487735999999998,23.67694335,0.378142625,0.38120244999999997
overlap_p1_d15,overlap,16,1,1,0,49,244499.229,320844.3414,0.0,0.0,20.008206387755102,21.5447562,0.0,0.0,20.009524346938775,21.5456124,0.0,0.0
overlap_p1_d15,overlap,16,2,0,1,1,0.0,0.0,2.296,2.296,0.0,0.0,7.05536,7.05536,7.057376,7.057376,0.0,0.0
overlap_p1_d15,overlap,16,2,0,2,1,0.0,0.0,2.295,2.295,0.0,0.0,7.162112,7.162112,7.16416,7.16416,0.0,0.0
overlap_p1_d15,overlap,16,2,0,3,1,0.0,0.0,2.511,2.511,0.0,0.0,7.279744,7.279744,7.281728,7.281728,0.0,0.0
overlap_p1_d15,overlap,16,2,0,4,1,0.0,0.0,2.72,2.72,0.0,0.0,7.467872,7.467872,7.46992,7.46992,0.0,0.0
overlap_p1_d15,overlap,16,2,0,5,1,0.0,0.0,3.015,3.015,0.0,0.0,7.787936,7.787936,7.789952,7.789952,0.0,0.0
overlap_p1_d15,overlap,16,2,0,6,2,0.0,0.0,2.914,3.1498,0.0,0.0,8.119119999999999,8.1617872,8.121152,8.163804800000001,0.0,0.0
overlap_p1_d15,overlap,16,2,0,7,3,0.0,0.0,2.6996666666666664,3.384,0.0,0.0,14.737973333333333,14.7707872,14.740117333333334,14.772803199999998,0.0,0.0
overlap_p1_d15,overlap,16,2,0,8,2,0.0,0.0,3.2670000000000003,3.8124000000000002,0.0,0.0,14.772304,14.7976336,14.774528,14.8000448,0.0,0.0
overlap_p1_d15,overlap,16,2,0,9,2,0.0,0.0,3.8335,4.26055,0.0,0.0,14.795808000000001,14.823542400000001,14.798112,14.8256448,0.0,0.0
overlap_p1_d15,overlap,16,2,0,10,1,0.0,0.0,11.539,11.539,0.0,0.0,14.873536,14.873536,14.876032,14.876032,0.0,0.0
overlap_p1_d15,overlap,16,3,1,1,26,256283.14065384615,319219.29099999997,3.6046153846153848,5.807,22.56778096153846,25.464256000000002,10.1784505,9.937552,22.810860076923078,25.637272,0.3027201153846154,0.3261965
overlap_p1_d15,overlap,16,3,1,2,27,278283.3018148148,326212.467,4.23437037037037,7.3675,22.846236333333334,25.4249021,10.146270814814814,10.1616448,23.083752296296296,25.526039400000002,0.2998476666666667,0.3266206
overlap_p1_d15,overlap,16,3,1,3,26,271887.55496153847,333707.403,4.870115384615385,8.58175,23.73967003846154,25.543359,10.277252884615384,10.201336000000001,23.991551961538462,25.58436,0.2938528076923077,0.32731625
overlap_p1_d15,overlap,16,3,1,4,14,248369.90792857143,339846.8989,6.012428571428571,9.578850000000001,23.937419714285713,25.5643834,11.181264071428572,15.700414749999995,24.420013785714286,27.04749215,0.3032577142857143,0.35505165
overlap_p1_d15,overlap,16,3,1,5,7,204909.8927142857,336647.27919999993,6.663,9.0501,23.855830571428573,25.8669085,12.811282285714286,20.90623039999999,24.867935714285714,28.841533099999996,0.3196131428571429,0.3654513
overlap_p1_d15,overlap,16,3,1,6,10,250256.16569999998,343921.9989499999,12.7076,37.97604999999995,23.6390783,25.8929776,12.7013087,19.192477849999985,24.3876421,28.499396199999996,0.328445,0.36248555
overlap_p1_d15,overlap,16,3,1,7,6,226099.24083333332,353713.596,9.511666666666667,11.51175,23.735359666666668,25.63645575,19.045067166666666,19.522464,25.3999995,26.44475125,0.4051673333333333,0.42460875
overlap_p1_d15,overlap,16,3,1,8,8,213765.83725,342334.6161,10.0945,14.210949999999999,24.055772125,25.574205749999997,18.944923875,19.44577665,26.245796,27.28333505,0.38772075,0.4245896
overlap_p1_d15,overlap,16,3,1,9,7,225834.8422857143,357209.22549999994,10.730428571428572,13.1867,21.091094714285713,25.6553888,18.58774857142857,18.8835638,26.132942,26.679312,0.33721428571428574,0.4222639
overlap_p1_d15,overlap,16,3,1,10,2,219885.478,369361.3795,10.128,12.3303,23.402687999999998,25.3253184,18.883919499999998,19.06059265,26.238384500000002,26.86681445,0.377443,0.4180087
overlap_p1_d15,overlap,16,3,1,11,2,221874.8805,373210.92585,10.415000000000001,12.9971,22.2095515,25.27296475,18.7827835,18.93173755,26.0002565,26.34741125,0.360058,0.4186759
overlap_p1_d15,overlap,16,3,1,12,2,210267.3675,375767.92335,11.2915,13.955950000000001,24.324048,25.6160871,19.220832,19.4272416,26.54584,27.2523184,0.389412,0.4208589
overlap_p1_d15,overlap,16,3,1,13,2,212797.121,379883.5799,11.6235,14.77485,22.368928,25.2569047,18.7999355,19.01538875,25.9512485,26.28629375,0.3644225,0.42047225
overlap_p1_d15,overlap,16,3,1,14,2,201294.90749999997,382441.72034999996,12.5025,15.31005,23.735936,25.865408,19.118625,19.1791914,26.606065,27.0586426,0.376478,0.41890310000000003
overlap_p1_d15,overlap,16,3,1,15,2,203578.602,386798.2647,19.09,20.0971,22.433568,25.5974199,18.865856,19.0699616,26.1856155,26.39753985,0.3601875,0.41749545
overlap_p2_d14,overlap,16,1,1,0,2,86703.8865,164735.92815,0.0,0.0,18.426879999999997,18.511667199999998,0.0,0.0,18.428624,18.513310399999998,0.0,0.0
overlap_p2_d14,overlap,16,1,2,0,26,161520.166,210122.29775,0.0,0.0,27.715838846153847,31.537383249999998,0.0,0.0,27.716840576923076,31.53838325,0.0,0.0
overlap_p2_d14,overlap,16,2,0,2,1,0.0,0.0,2.959,2.959,0.0,0.0,7.164192,7.164192,7.166176,7.166176,0.0,0.0
overlap_p2_d14,overlap,16,2,0,4,1,0.0,0.0,3.439,3.439,0.0,0.0,7.583168,7.583168,7.585152,7.585152,0.0,0.0
overlap_p2_d14,overlap,16,2,0,6,2,0.0,0.0,3.1915,3.97855,0.0,0.0,8.118896,8.1455504,8.120992000000001,8.1475456,0.0,0.0
overlap_p2_d14,overlap,16,2,0,8,6,0.0,0.0,3.5285,5.20375,0.0,0.0,14.911813333333333,15.415696,14.915077333333333,15.419832,0.0,0.0
overlap_p2_d14,overlap,16,2,0,10,5,0.0,0.0,5.5266,12.363599999999998,0.0,0.0,14.988723199999999,15.2129088,14.9908096,15.215232,0.0,0.0
overlap_p2_d14,overlap,16,2,0,14,12,0.0,0.0,12533.567833333333,15237.552549999999,0.0,0.0,15.013146666666668,15.2056016,15.015288,15.208072,0.0,0.0
overlap_p2_d14,overlap,16,3,2,2,17,164337.0558235294,194805.8044,3.746,4.595999999999997,30.665357235294117,33.276525799999995,12.907171705882353,16.752402999999987,31.045697999999998,35.5034128,0.2843218823529412,0.33774459999999995
overlap_p2_d14,overlap,16,3,2,4,16,131794.4516875,201927.5375,5.6196874999999995,10.305,31.98755825,35.048610000000004,14.0041199375,18.69967175,32.4136541875,36.064440250000004,0.2931709375,0.35307374999999996
overlap_p2_d14,overlap,16,3,2,6,13,132685.4313076923,230412.8684,7.429538461538462,10.882999999999997,31.772214384615385,35.351110399999996,15.808433153846154,23.090335599999975,32.349428076923076,37.044104399999995,0.31859384615384617,0.3781555999999999
overlap_p2_d14,overlap,16,3,2,8,5,107994.71860000001,223733.96519999998,9.9742,10.818800000000001,32.499628799999996,35.2582522,22.883571800000002,23.7321608,33.5335678,35.259437399999996,0.3939696,0.426417
overlap_p2_d14,overlap,16,3,2,10,5,94654.28039999999,228412.16059999997,10.6918,13.031,34.575834,35.547169,23.0307642,23.6999104,34.576929,35.5484432,0.3998934,0.4152496
overlap_p2_d14,overlap,16,3,2,12,6,86463.90816666668,220688.72425000003,10.545666666666667,14.78625,31.380741166666667,35.61467975,23.374699,23.86354475,33.11611166666667,35.61588725,0.3942913333333333,0.42640525
overlap_p2_d14,overlap,16,3,2,14,7,56752.00042857143,221328.01789999992,7777.7601428571425,32008.436099999977,31.586066714285714,35.6080543,23.476900285714287,24.5545974,33.14724557142857,35.608969599999995,0.3974331428571429,0.4235173
overlap_p4_d12,overlap,16,1,1,0,1,2.01,2.01,0.0,0.0,18.669567,18.669567,0.0,0.0,18.670591,18.670591,0.0,0.0
overlap_p4_d12,overlap,16,1,3,0,1,130333.387,130333.387,0.0,0.0,35.49184,35.49184,0.0,0.0,35.492863,35.492863,0.0,0.0
overlap_p4_d12,overlap,16,1,4,0,14,117051.28814285714,176312.989,0.0,0.0,48.514546,56.1575546,0.0,0.0,48.51546307142857,56.1585766,0.0,0.0
overlap_p4_d12,overlap,16,2,0,4,1,0.0,0.0,4.103,4.103,0.0,0.0,7.49152,7.49152,7.4936,7.4936,0.0,0.0
overlap_p4_d12,overlap,16,2,0,8,5,0.0,0.0,3.2204,4.9803999999999995,0.0,0.0,14.750848,14.79728,14.7529472,14.7993024,0.0,0.0
overlap_p4_d12,overlap,16,2,0,12,36,0.0,0.0,10047.075694444444,15497.23425,0.0,0.0,15.025814222222222,15.498928000000001,15.027967111111112,15.501847999999999,0.0,0.0
overlap_p4_d12,overlap,16,3,4,4,14,94369.29671428571,154809.56245,4.991214285714285,9.71285,50.949094357142855,58.7809283,20.082477785714286,32.697923549999985,51.44823121428571,60.49271235,0.2688357142857143,0.34659109999999993
overlap_p4_d12,overlap,16,3,4,8,10,83392.2446,145151.72194999995,8.2592,13.504899999999996,55.9293343,59.09372375,36.4720482,37.36285325,55.930546899999996,59.09473225,0.3950695,0.42101475
overlap_p4_d12,overlap,16,3,4,12,9,26313.274555555556,130206.85519999996,9517.534666666666,39429.08539999998,52.67867066666667,59.2039238,37.363864444444445,38.3558714,53.172896111111115,59.2048702,0.4107234444444444,0.4358256
overlap_p6_d10,overlap,16,1,1,0,1,1.832,1.832,0.0,0.0,18.757631,18.757631,0.0,0.0,18.75968,18.75968,0.0,0.0
overlap_p6_d10,overlap,16,1,3,0,1,126672.802,126672.802,0.0,0.0,35.701759,35.701759,0.0,0.0,35.703457,35.703457,0.0,0.0
overlap_p6_d10,overlap,16,1,4,0,2,2.83,2.947,0.0,0.0,40.8256645,40.93490335,0.0,0.0,40.826864,40.9361177,0.0,0.0
overlap_p6_d10,overlap,16,1,6,0,10,114783.4856,172854.25559999997,0.0,0.0,70.8989976,80.33982635,0.0,0.0,70.9001092,80.34115695,0.0,0.0
overlap_p6_d10,overlap,16,2,0,2,1,0.0,0.0,2.678,2.678,0.0,0.0,7.259456,7.259456,7.261472,7.261472,0.0,0.0
overlap_p6_d10,overlap,16,2,0,8,1,0.0,0.0,4.33,4.33,0.0,0.0,14.910368,14.910368,14.912608,14.912608,0.0,0.0
overlap_p6_d10,overlap,16,2,0,10,53,0.0,0.0,16238.471094339622,24043.99539999997,0.0,0.0,14.984697962264152,15.477824,14.98688120754717,15.4814784,0.0,0.0
overlap_p6_d10,overlap,16,3,2,10,4,13.6175,19.14525,19603.270500000002,32078.603900000002,31.423608249999997,35.87024015,23.24288875,24.094087249999998,33.26072,35.87145425,0.39079,0.40208965
overlap_p6_d10,overlap,16,3,4,6,2,70630.424,134178.3494,46379.120500000005,88110.28495,48.763121,52.372811299999995,37.5977915,53.59846715,52.5806235,59.62474485,0.3741805,0.43472215
overlap_p6_d10,overlap,16,3,4,10,5,17161.8056,68621.60019999999,51997.2724,85254.15959999998,55.5635972,59.31412,38.4459578,40.2347956,55.5648896,59.3156418,0.4094198,0.43776
overlap_p6_d10,overlap,16,3,6,4,7,98084.87,152740.27229999998,5.416857142857142,9.581199999999995,74.00221757142857,82.1613976,30.68740085714286,66.10834989999995,75.00680328571428,87.07959699999999,0.2648014285714286,0.4045489999999998
overlap_p6_d10,overlap,16,3,6,6,5,87967.458,114831.2276,5.9588,8.8432,80.9799744,85.4319364,25.4000448,27.0846008,80.9812242,85.43307519999999,0.23866,0.2414464
overlap_p6_d10,overlap,16,3,6,10,2,127262.8695,165936.45585,12.361,12.3673,84.521023,85.0246468,44.840784,45.7199184,84.52227049999999,85.02589745,0.3466005,0.35239065
overlap_p8_d8,overlap,16,1,1,0,1,1.602,1.602,0.0,0.0,18.814976,18.814976,0.0,0.0,18.816704,18.816704,0.0,0.0
overlap_p8_d8,overlap,16,1,7,0,1,84014.07,84014.07,0.0,0.0,68.896767,68.896767,0.0,0.0,68.89843,68.89843,0.0,0.0
overlap_p8_d8,overlap,16,1,8,0,11,69430.09881818182,150433.43550000002,0.0,0.0,88.2961259090909,104.0441625,0.0,0.0,88.29728627272728,104.0454215,0.0,0.0
overlap_p8_d8,overlap,16,2,0,8,78,0.0,0.0,13811.988756410257,15294.042399999998,0.0,0.0,14.932803692307692,15.269108799999998,14.934980923076923,15.2711616,0.0,0.0
overlap_p8_d8,overlap,16,3,8,8,12,17354.0835,104049.98,14834.152250000001,88967.5422,97.64890108333333,106.81032105,54.11646375,58.36555464999999,97.64996791666667,106.81110245,0.35761075,0.3934049
overlap_p10_d6,overlap,16,1,1,0,1,1.506,1.506,0.0,0.0,18.921473,18.921473,0.0,0.0,18.922497,18.922497,0.0,0.0
overlap_p10_d6,overlap,16,1,2,0,1,1.902,1.902,0.0,0.0,24.389088,24.389088,0.0,0.0,24.390305,24.390305,0.0,0.0
overlap_p10_d6,overlap,16,1,4,0,1,2.862,2.862,0.0,0.0,40.945473,40.945473,0.0,0.0,40.94669,40.94669,0.0,0.0
overlap_p10_d6,overlap,16,1,5,0,1,100577.536,100577.536,0.0,0.0,50.770943,50.770943,0.0,0.0,50.771935,50.771935,0.0,0.0
overlap_p10_d6,overlap,16,1,10,0,7,99770.15871428572,155852.7947,0.0,0.0,111.00821885714285,125.30089179999999,0.0,0.0,111.00940714285714,125.3019138,0.0,0.0
overlap_p10_d6,overlap,16,2,0,6,101,0.0,0.0,17859.166227722773,16875.26,0.0,0.0,8.142349940594059,8.323552,8.14440396039604,8.3256,0.0,0.0
overlap_p10_d6,overlap,16,3,2,4,1,211898.241,211898.241,5.316,5.316,25.567968,25.567968,24.681215,24.681215,32.527008,32.527008,0.352686,0.352686
overlap_p10_d6,overlap,16,3,2,6,6,5642.282166666667,25356.019749999996,64906.65466666667,101489.0415,33.26116316666666,36.247840999999994,14.537056,15.2958,33.26225616666667,36.24900725,0.3053206666666667,0.34441975
overlap_p10_d6,overlap,16,3,4,6,6,4677.383,21013.304500000002,64503.245833333334,103068.99475,53.3906135,58.580424,20.647461,21.856048,53.391679,58.58155225,0.27989416666666667,0.307352
overlap_p10_d6,overlap,16,3,8,4,1,53129.991,53129.991,53134.886,53134.886,77.846527,77.846527,26.533407,26.533407,77.847549,77.847549,0.254191,0.254191
overlap_p10_d6,overlap,16,3,8,6,3,125670.36166666666,127381.6252,8.967,11.5102,105.26449099999999,106.696732,33.162314,33.9477632,105.26572666666667,106.6979544,0.23954766666666666,0.2430715
overlap_p10_d6,overlap,16,3,10,4,4,116229.03125,146434.26429999998,4.92425,5.19925,121.207823,124.6365501,32.67281625,33.7957314,121.208786,124.6375733,0.2124745,0.2235961
overlap_p12_d4,overlap,16,1,1,0,1,2.071,2.071,0.0,0.0,18.948095,18.948095,0.0,0.0,18.950048,18.950048,0.0,0.0
overlap_p12_d4,overlap,16,1,3,0,1,116616.738,116616.738,0.0,0.0,36.870144,36.870144,0.0,0.0,36.871166,36.871166,0.0,0.0
overlap_p12_d4,overlap,16,1,4,0,2,3.167,3.1769,0.0,0.0,41.0775855,41.16397065,0.0,0.0,41.078784999999996,41.1651859,0.0,0.0
overlap_p12_d4,overlap,16,1,12,0,5,108672.8438,164095.2758,0.0,0.0,133.5991042,145.4849154,0.0,0.0,133.60023959999998,145.48594039999998,0.0,0.0
overlap_p12_d4,overlap,16,2,0,4,162,0.0,0.0,23308.44774074074,23056.73805,0.0,0.0,7.504280691358025,7.6516816,7.5063555555555554,7.6544576,0.0,0.0
overlap_p12_d4,overlap,16,3,4,4,10,14004.302,76981.32789999986,68274.3968,134188.29629999993,52.698189,59.17865905,17.3182783,19.0278112,52.6992196,59.1798048,0.24880940000000001,0.28928824999999997
overlap_p12_d4,overlap,16,3,8,4,4,27580.20925,55234.3613,90322.996,147944.1175,90.06723225,105.2624918,27.353088,28.2959769,90.06819175,105.26354899999998,0.23566175,0.2651357
overlap_p12_d4,overlap,16,3,12,4,4,67236.366,136494.6732,5.36275,6.0813,148.43850325,155.90578465000002,36.128952,36.4874617,148.43955225000002,155.90700145,0.19592874999999998,0.2021804
overlap_p14_d2,overlap,16,1,1,0,2,64124.1865,121834.58365,0.0,0.0,19.4370565,19.94347525,0.0,0.0,19.4385445,19.94454655,0.0,0.0
overlap_p14_d2,overlap,16,1,2,0,2,1.9425,1.9960499999999999,0.0,0.0,24.3863525,24.39342335,0.0,0.0,24.387552499999998,24.394636849999998,0.0,0.0
overlap_p14_d2,overlap,16,1,14,0,4,121100.966,167654.9719,0.0,0.0,151.56482325000002,170.66330125,0.0,0.0,151.566,170.66441475,0.0,0.0
overlap_p14_d2,overlap,16,2,0,2,327,0.0,0.0,51478.101039755355,50185.649,0.0,0.0,7.077931840978593,7.1186368,7.080075155963303,7.120672,0.0,0.0
overlap_p14_d2,overlap,16,3,2,2,18,21587.82827777778,105910.37374999994,162303.53916666665,255002.9429999999,31.12170638888889,35.1184559,11.742096,12.5631456,31.122784055555556,35.1197063,0.2754746111111111,0.31210309999999997
overlap_p14_d2,overlap,16,3,4,2,6,44098.28316666667,91084.9415,201172.91516666667,325140.60625,48.05377,56.753896499999996,15.13464,16.15984,48.054966,56.755111750000005,0.2418135,0.26862225
overlap_p14_d2,overlap,16,3,6,2,4,64962.62675,153158.30239999996,120477.8485,168414.20805,80.79029475,84.9904569,19.9041995,20.802877549999998,80.79134375,84.99170805,0.1980395,0.21371104999999999
overlap_p14_d2,overlap,16,3,8,2,3,33379.88,42604.91069999999,221341.30666666667,265442.98620000004,98.45312,100.8251236,24.398368333333334,25.9061185,98.45413466666668,100.82614980000001,0.198692,0.2129554
overlap_p14_d2,overlap,16,3,10,2,1,28097.505,28097.505,28099.954,28099.954,123.791428,123.791428,29.451263,29.451263,123.79245,123.79245,0.19218,0.19218
overlap_p14_d2,overlap,16,3,12,2,1,44542.989,44542.989,184177.959,184177.959,145.281052,145.281052,34.941601,34.941601,145.282074,145.282074,0.193875,0.193875
overlap_p15_d1,overlap,16,1,1,0,3,1.4563333333333333,1.75,0.0,0.0,18.598944666666668,18.9601793,0.0,0.0,18.600074,18.961219099999997,0.0,0.0
overlap_p15_d1,overlap,16,1,15,0,4,121135.8075,173323.5864,0.0,0.0,165.709072,187.1059951,0.0,0.0,165.71023925,187.10696525,0.0,0.0
overlap_p15_d1,overlap,16,2,0,1,672,0.0,0.0,108903.39472767858,107061.284,0.0,0.0,7.004940238095238,7.0595584,7.007031238095238,7.06156,0.0,0.0
overlap_p15_d1,overlap,16,3,1,1,15,18625.394,79577.5248,278734.8318666667,473331.45279999997,22.942848333333334,26.025095099999998,9.6609856,9.877136,22.944027533333333,26.0261945,0.29726006666666666,0.3175076
overlap_p15_d1,overlap,16,3,2,1,15,52719.96886666667,79589.4941,367453.57653333334,587512.3444,28.589137,33.0976973,11.709640533333333,12.08968,28.590896666666666,33.0986233,0.2915587333333333,0.3102362
overlap_p15_d1,overlap,16,3,3,1,6,44010.55133333334,148689.1865,305703.304,522535.631,46.650709166666665,48.63769525,12.266176,12.961672,46.65181283333333,48.63893525,0.20840033333333333,0.22631449999999997
overlap_p15_d1,overlap,16,3,4,1,1,27196.362,27196.362,234845.968,234845.968,52.634624,52.634624,13.994048,13.994048,52.635456,52.635456,0.210018,0.210018
overlap_p15_d1,overlap,16,3,5,1,4,24443.0225,27776.76515,474148.30799999996,542604.9783,66.05824075,66.70493139999999,17.39324,18.0238704,66.05934525,66.70586924999999,0.20835275,0.21271245
overlap_p15_d1,overlap,16,3,6,1,7,27681.959857142858,28012.6458,450634.26757142856,566899.5334,79.52934385714286,79.5721111,18.747049142857144,20.497767099999997,79.53026371428571,79.5729381,0.19065814285714286,0.20478789999999997
