scenario,profile,slot_count,group,prefill_batch,decode_batch,samples,gpu_mean_ms,gpu_median_ms,gpu_p95_ms,gpu_max_ms
prefill_bs1,prefill,16,prefill_cache_commit,1,0,48,0.003706,0.004096,0.004096,0.004096
prefill_bs1,prefill,16,prefill_engine,1,0,48,18.267312541666666,18.285056,18.3286896,18.392063
prefill_bs1,prefill,16,prefill_prepare,1,0,48,0.028035333333333332,0.026624,0.029696,0.078752
prefill_bs1,prefill,16,prefill_sample,1,0,48,0.022030666666666667,0.02192,0.026355199999999995,0.028064
prefill_bs2,prefill,16,prefill_cache_commit,1,0,2,0.003072,0.003072,0.003072,0.003072
prefill_bs2,prefill,16,prefill_cache_commit,2,0,23,0.0033961739130434782,0.003072,0.004096,0.004096
prefill_bs2,prefill,16,prefill_engine,1,0,2,18.406912,18.406912,18.5170432,18.52928
prefill_bs2,prefill,16,prefill_engine,2,0,23,24.421743217391306,24.476671,24.5176319,24.579073
prefill_bs2,prefill,16,prefill_prepare,1,0,2,0.052736,0.052736,0.07623680000000001,0.078848
prefill_bs2,prefill,16,prefill_prepare,2,0,23,0.03335930434782609,0.032768,0.0348,0.036224
prefill_bs2,prefill,16,prefill_sample,1,0,2,0.023632,0.023632,0.027016,0.027392
prefill_bs2,prefill,16,prefill_sample,2,0,23,0.021129739130434783,0.020896,0.024992,0.026016
prefill_bs4,prefill,16,prefill_cache_commit,1,0,1,0.004096,0.004096,0.004096,0.004096
prefill_bs4,prefill,16,prefill_cache_commit,3,0,1,0.004096,0.004096,0.004096,0.004096
prefill_bs4,prefill,16,prefill_cache_commit,4,0,11,0.0038545454545454542,0.004096,0.004096,0.004096
prefill_bs4,prefill,16,prefill_engine,1,0,1,18.262016,18.262016,18.262016,18.262016
prefill_bs4,prefill,16,prefill_engine,3,0,1,35.071262,35.071262,35.071262,35.071262
prefill_bs4,prefill,16,prefill_engine,4,0,11,41.496855000000004,41.624577,41.806846500000006,41.908222
prefill_bs4,prefill,16,prefill_prepare,1,0,1,0.077824,0.077824,0.077824,0.077824
prefill_bs4,prefill,16,prefill_prepare,3,0,1,0.047936,0.047936,0.047936,0.047936
prefill_bs4,prefill,16,prefill_prepare,4,0,11,0.04786909090909091,0.047968,0.050176,0.0512
prefill_bs4,prefill,16,prefill_sample,1,0,1,0.022464,0.022464,0.022464,0.022464
prefill_bs4,prefill,16,prefill_sample,3,0,1,0.02704,0.02704,0.02704,0.02704
prefill_bs4,prefill,16,prefill_sample,4,0,11,0.032820363636363634,0.03216,0.035232,0.035232
prefill_bs8,prefill,16,prefill_cache_commit,1,0,1,0.003072,0.003072,0.003072,0.003072
prefill_bs8,prefill,16,prefill_cache_commit,7,0,1,0.004096,0.004096,0.004096,0.004096
prefill_bs8,prefill,16,prefill_cache_commit,8,0,5,0.0037056,0.004096,0.004096,0.004096
prefill_bs8,prefill,16,prefill_engine,1,0,1,18.697216,18.697216,18.697216,18.697216
prefill_bs8,prefill,16,prefill_engine,7,0,1,68.100098,68.100098,68.100098,68.100098
prefill_bs8,prefill,16,prefill_engine,8,0,5,74.2932678,74.597374,74.6082324,74.608643
prefill_bs8,prefill,16,prefill_prepare,1,0,1,0.080832,0.080832,0.080832,0.080832
prefill_bs8,prefill,16,prefill_prepare,7,0,1,0.064512,0.064512,0.064512,0.064512
prefill_bs8,prefill,16,prefill_prepare,8,0,5,0.0677056,0.067584,0.0690944,0.069216
prefill_bs8,prefill,16,prefill_sample,1,0,1,0.0264,0.0264,0.0264,0.0264
prefill_bs8,prefill,16,prefill_sample,7,0,1,0.04368,0.04368,0.04368,0.04368
prefill_bs8,prefill,16,prefill_sample,8,0,5,0.051545600000000004,0.051552,0.0535936,0.0536
prefill_bs16,prefill,16,prefill_cache_commit,1,0,1,0.004096,0.004096,0.004096,0.004096
prefill_bs16,prefill,16,prefill_cache_commit,15,0,1,0.004096,0.004096,0.004096,0.004096
prefill_bs16,prefill,16,prefill_cache_commit,16,0,2,0.003584,0.003584,0.0040447999999999994,0.004096
prefill_bs16,prefill,16,prefill_engine,1,0,1,18.697216,18.697216,18.697216,18.697216
prefill_bs16,prefill,16,prefill_engine,15,0,1,136.523773,136.523773,136.523773,136.523773
prefill_bs16,prefill,16,prefill_engine,16,0,2,142.833664,142.833664,143.6326858,143.721466
prefill_bs16,prefill,16,prefill_prepare,1,0,1,0.078848,0.078848,0.078848,0.078848
prefill_bs16,prefill,16,prefill_prepare,15,0,1,0.106304,0.106304,0.106304,0.106304
prefill_bs16,prefill,16,prefill_prepare,16,0,2,0.11003199999999999,0.11003199999999999,0.114136,0.114592
prefill_bs16,prefill,16,prefill_sample,1,0,1,0.029504,0.029504,0.029504,0.029504
prefill_bs16,prefill,16,prefill_sample,15,0,1,0.08752,0.08752,0.08752,0.08752
prefill_bs16,prefill,16,prefill_sample,16,0,2,0.091504,0.091504,0.0915184,0.09152
decode_bs1,decode,16,decode_engine,0,1,533,6.286489455909944,6.274048,6.3475712,7.966976
decode_bs1,decode,16,decode_engine,1,1,19,8.636038736842105,8.64256,8.690176,8.731648
decode_bs1,decode,16,decode_prepare,0,1,533,0.01703372607879925,0.016448,0.018041599999999998,0.041984
decode_bs1,decode,16,decode_prepare,1,1,19,0.01875536842105263,0.018432,0.02048,0.02048
decode_bs1,decode,16,decode_sample,0,1,533,0.02130305440900563,0.021888,0.0249728,0.029632
decode_bs1,decode,16,decode_sample,1,1,19,0.027457684210526315,0.026432,0.03364479999999999,0.039232
decode_bs1,decode,16,prefill_cache_commit,1,0,5,0.0035712,0.003456,0.004096,0.004096
decode_bs1,decode,16,prefill_cache_commit,1,1,19,0.0033852631578947367,0.003072,0.004096,0.004096
decode_bs1,decode,16,prefill_engine,1,0,5,18.2305724,18.253824,18.3209974,18.336767
decode_bs1,decode,16,prefill_engine,1,1,19,20.42230105263158,20.408319,20.5544449,20.699137
decode_bs1,decode,16,prefill_prepare,1,0,5,0.0387968,0.028672,0.06896639999999998,0.078848
decode_bs1,decode,16,prefill_prepare,1,1,19,0.028129684210526317,0.027648,0.029881599999999994,0.031552
decode_bs1,decode,16,prefill_sample,1,0,5,0.023232,0.023968,0.0267584,0.027456
decode_bs1,decode,16,prefill_sample,1,1,19,0.02164378947368421,0.02128,0.024844799999999997,0.0264
decode_bs2,decode,16,decode_engine,0,1,1,6.462464,6.462464,6.462464,6.462464
decode_bs2,decode,16,decode_engine,0,2,254,6.366646803149607,6.3564799999999995,6.4137216,6.601536
decode_bs2,decode,16,decode_engine,1,1,1,19.169279,19.169279,19.169279,19.169279
decode_bs2,decode,16,decode_engine,1,2,21,8.814640761904762,8.80128,9.00096,9.101312
decode_bs2,decode,16,decode_prepare,0,1,1,0.016384,0.016384,0.016384,0.016384
decode_bs2,decode,16,decode_prepare,0,2,254,0.01713423622047244,0.016944,0.017526399999999998,0.049024
decode_bs2,decode,16,decode_prepare,1,1,1,0.019456,0.019456,0.019456,0.019456
decode_bs2,decode,16,decode_prepare,1,2,21,0.019260952380952382,0.018432,0.023552,0.024576
decode_bs2,decode,16,decode_sample,0,1,1,0.020864,0.020864,0.020864,0.020864
decode_bs2,decode,16,decode_sample,0,2,254,0.02091111811023622,0.020864,0.023968,0.024992
decode_bs2,decode,16,decode_sample,1,1,1,0.025376,0.025376,0.025376,0.025376
decode_bs2,decode,16,decode_sample,1,2,21,0.036693333333333335,0.028576,0.05568,0.108288
decode_bs2,decode,16,prefill_cache_commit,1,0,2,0.003632,0.003632,0.0040495999999999996,0.004096
decode_bs2,decode,16,prefill_cache_commit,1,1,1,0.003072,0.003072,0.003072,0.003072
decode_bs2,decode,16,prefill_cache_commit,1,2,21,0.003946666666666667,0.004096,0.004096,0.01024
decode_bs2,decode,16,prefill_engine,1,0,2,18.216623499999997,18.216623499999997,18.31000705,18.320383
decode_bs2,decode,16,prefill_engine,1,1,1,18.296831,18.296831,18.296831,18.296831
decode_bs2,decode,16,prefill_engine,1,2,21,20.46464304761905,20.428801,20.77536,20.782528
decode_bs2,decode,16,prefill_prepare,1,0,2,0.052496,0.052496,0.0742544,0.076672
decode_bs2,decode,16,prefill_prepare,1,1,1,0.02704,0.02704,0.02704,0.02704
decode_bs2,decode,16,prefill_prepare,1,2,21,0.028889904761904762,0.028256,0.029696,0.044032
decode_bs2,decode,16,prefill_sample,1,0,2,0.02368,0.02368,0.023968,0.024
decode_bs2,decode,16,prefill_sample,1,1,1,0.021952,0.021952,0.021952,0.021952
decode_bs2,decode,16,prefill_sample,1,2,21,0.021901714285714285,0.022624,0.025376,0.025408
decode_bs4,decode,16,decode_engine,0,1,1,6.6048,6.6048,6.6048,6.6048
decode_bs4,decode,16,decode_engine,0,2,1,6.524928,6.524928,6.524928,6.524928
decode_bs4,decode,16,decode_engine,0,3,1,6.593536,6.593536,6.593536,6.593536
decode_bs4,decode,16,decode_engine,0,4,116,6.683248,6.67136,6.754816,6.91712
decode_bs4,decode,16,decode_engine,1,1,1,19.144705,19.144705,19.144705,19.144705
decode_bs4,decode,16,decode_engine,1,2,1,19.090431,19.090431,19.090431,19.090431
decode_bs4,decode,16,decode_engine,1,3,1,19.222528,19.222528,19.222528,19.222528
decode_bs4,decode,16,decode_engine,1,4,19,9.412230736842105,9.380864,9.6746496,10.097664
decode_bs4,decode,16,decode_prepare,0,1,1,0.016608,0.016608,0.016608,0.016608
decode_bs4,decode,16,decode_prepare,0,2,1,0.016384,0.016384,0.016384,0.016384
decode_bs4,decode,16,decode_prepare,0,3,1,0.01696,0.01696,0.01696,0.01696
decode_bs4,decode,16,decode_prepare,0,4,116,0.017174896551724137,0.016512,0.018128,0.035392
decode_bs4,decode,16,decode_prepare,1,1,1,0.018432,0.018432,0.018432,0.018432
decode_bs4,decode,16,decode_prepare,1,2,1,0.018432,0.018432,0.018432,0.018432
decode_bs4,decode,16,decode_prepare,1,3,1,0.019456,0.019456,0.019456,0.019456
decode_bs4,decode,16,decode_prepare,1,4,19,0.01789305263157895,0.018432,0.019456,0.019456
decode_bs4,decode,16,decode_sample,0,1,1,0.020896,0.020896,0.020896,0.020896
decode_bs4,decode,16,decode_sample,0,2,1,0.01888,0.01888,0.01888,0.01888
decode_bs4,decode,16,decode_sample,0,3,1,0.024992,0.024992,0.024992,0.024992
decode_bs4,decode,16,decode_sample,0,4,116,0.033169379310344825,0.033216,0.036288,0.037312
decode_bs4,decode,16,decode_sample,1,1,1,0.025376,0.025376,0.025376,0.025376
decode_bs4,decode,16,decode_sample,1,2,1,0.022336,0.022336,0.022336,0.022336
decode_bs4,decode,16,decode_sample,1,3,1,0.026432,0.026432,0.026432,0.026432
decode_bs4,decode,16,decode_sample,1,4,19,0.04903073684210526,0.04144,0.07824639999999992,0.109696
decode_bs4,decode,16,prefill_cache_commit,1,0,2,0.003072,0.003072,0.003072,0.003072
decode_bs4,decode,16,prefill_cache_commit,1,1,1,0.004096,0.004096,0.004096,0.004096
decode_bs4,decode,16,prefill_cache_commit,1,2,1,0.004096,0.004096,0.004096,0.004096
decode_bs4,decode,16,prefill_cache_commit,1,3,1,0.004096,0.004096,0.004096,0.004096
decode_bs4,decode,16,prefill_cache_commit,1,4,19,0.003424,0.003072,0.004096,0.004096
decode_bs4,decode,16,prefill_engine,1,0,2,18.2307845,18.2307845,18.32893445,18.33984
decode_bs4,decode,16,prefill_engine,1,1,1,18.31424,18.31424,18.31424,18.31424
decode_bs4,decode,16,prefill_engine,1,2,1,18.274303,18.274303,18.274303,18.274303
decode_bs4,decode,16,prefill_engine,1,3,1,18.258944,18.258944,18.258944,18.258944
decode_bs4,decode,16,prefill_engine,1,4,19,20.551804421052633,20.583424,20.749926300000002,20.875263
decode_bs4,decode,16,prefill_prepare,1,0,2,0.052608,0.052608,0.07415039999999999,0.076544
decode_bs4,decode,16,prefill_prepare,1,1,1,0.028192,0.028192,0.028192,0.028192
decode_bs4,decode,16,prefill_prepare,1,2,1,0.027936,0.027936,0.027936,0.027936
decode_bs4,decode,16,prefill_prepare,1,3,1,0.027584,0.027584,0.027584,0.027584
decode_bs4,decode,16,prefill_prepare,1,4,19,0.027757473684210526,0.027616,0.0293216,0.029408
decode_bs4,decode,16,prefill_sample,1,0,2,0.024176,0.024176,0.028049599999999997,0.02848
decode_bs4,decode,16,prefill_sample,1,1,1,0.02192,0.02192,0.02192,0.02192
decode_bs4,decode,16,prefill_sample,1,2,1,0.018144,0.018144,0.018144,0.018144
decode_bs4,decode,16,prefill_sample,1,3,1,0.019456,0.019456,0.019456,0.019456
decode_bs4,decode,16,prefill_sample,1,4,19,0.02200757894736842,0.022272,0.025344,0.025344
decode_bs8,decode,16,decode_engine,0,1,1,6.385664,6.385664,6.385664,6.385664
decode_bs8,decode,16,decode_engine,0,2,1,6.51264,6.51264,6.51264,6.51264
decode_bs8,decode,16,decode_engine,0,3,1,6.55872,6.55872,6.55872,6.55872
decode_bs8,decode,16,decode_engine,0,4,1,6.752256,6.752256,6.752256,6.752256
decode_bs8,decode,16,decode_engine,0,5,1,7.043072,7.043072,7.043072,7.043072
decode_bs8,decode,16,decode_engine,0,6,1,7.369728,7.369728,7.369728,7.369728
decode_bs8,decode,16,decode_engine,0,7,1,13.96736,13.96736,13.96736,13.96736
decode_bs8,decode,16,decode_engine,0,8,47,13.921133617021276,13.91616,13.9506688,14.006272
decode_bs8,decode,16,decode_engine,1,1,1,18.942976,18.942976,18.942976,18.942976
decode_bs8,decode,16,decode_engine,1,2,1,18.770945,18.770945,18.770945,18.770945
decode_bs8,decode,16,decode_engine,1,3,1,19.060736,19.060736,19.060736,19.060736
decode_bs8,decode,16,decode_engine,1,4,1,19.291136,19.291136,19.291136,19.291136
decode_bs8,decode,16,decode_engine,1,5,1,19.65568,19.65568,19.65568,19.65568
decode_bs8,decode,16,decode_engine,1,6,1,19.97312,19.97312,19.97312,19.97312
decode_bs8,decode,16,decode_engine,1,7,1,18.225151,18.225151,18.225151,18.225151
decode_bs8,decode,16,decode_engine,1,8,15,18.290005133333334,18.289663,18.4639484,18.502657
decode_bs8,decode,16,decode_prepare,0,1,1,0.017408,0.017408,0.017408,0.017408
decode_bs8,decode,16,decode_prepare,0,2,1,0.017408,0.017408,0.017408,0.017408
decode_bs8,decode,16,decode_prepare,0,3,1,0.018112,0.018112,0.018112,0.018112
decode_bs8,decode,16,decode_prepare,0,4,1,0.017184,0.017184,0.017184,0.017184
decode_bs8,decode,16,decode_prepare,0,5,1,0.016384,0.016384,0.016384,0.016384
decode_bs8,decode,16,decode_prepare,0,6,1,0.017216,0.017216,0.017216,0.017216
decode_bs8,decode,16,decode_prepare,0,7,1,0.017408,0.017408,0.017408,0.017408
decode_bs8,decode,16,decode_prepare,0,8,47,0.017237106382978724,0.017344,0.0180384,0.02048
decode_bs8,decode,16,decode_prepare,1,1,1,0.021504,0.021504,0.021504,0.021504
decode_bs8,decode,16,decode_prepare,1,2,1,0.019456,0.019456,0.019456,0.019456
decode_bs8,decode,16,decode_prepare,1,3,1,0.018432,0.018432,0.018432,0.018432
decode_bs8,decode,16,decode_prepare,1,4,1,0.018432,0.018432,0.018432,0.018432
decode_bs8,decode,16,decode_prepare,1,5,1,0.021504,0.021504,0.021504,0.021504
decode_bs8,decode,16,decode_prepare,1,6,1,0.019456,0.019456,0.019456,0.019456
decode_bs8,decode,16,decode_prepare,1,7,1,0.019456,0.019456,0.019456,0.019456
decode_bs8,decode,16,decode_prepare,1,8,15,0.0205696,0.019456,0.02600959999999999,0.031744
decode_bs8,decode,16,decode_sample,0,1,1,0.01696,0.01696,0.01696,0.01696
decode_bs8,decode,16,decode_sample,0,2,1,0.024,0.024,0.024,0.024
decode_bs8,decode,16,decode_sample,0,3,1,0.02704,0.02704,0.02704,0.02704
decode_bs8,decode,16,decode_sample,0,4,1,0.029248,0.029248,0.029248,0.029248
decode_bs8,decode,16,decode_sample,0,5,1,0.04032,0.04032,0.04032,0.04032
decode_bs8,decode,16,decode_sample,0,6,1,0.044416,0.044416,0.044416,0.044416
decode_bs8,decode,16,decode_sample,0,7,1,0.04752,0.04752,0.04752,0.04752
decode_bs8,decode,16,decode_sample,0,8,47,0.0511816170212766,0.051488,0.053536,0.05456
decode_bs8,decode,16,decode_sample,1,1,1,0.023392,0.023392,0.023392,0.023392
decode_bs8,decode,16,decode_sample,1,2,1,0.019232,0.019232,0.019232,0.019232
decode_bs8,decode,16,decode_sample,1,3,1,0.027392,0.027392,0.027392,0.027392
decode_bs8,decode,16,decode_sample,1,4,1,0.035648,0.035648,0.035648,0.035648
decode_bs8,decode,16,decode_sample,1,5,1,0.038688,0.038688,0.038688,0.038688
decode_bs8,decode,16,decode_sample,1,6,1,0.041728,0.041728,0.041728,0.041728
decode_bs8,decode,16,decode_sample,1,7,1,0.048928,0.048928,0.048928,0.048928
decode_bs8,decode,16,decode_sample,1,8,15,0.050965333333333335,0.05024,0.05381759999999999,0.055968
decode_bs8,decode,16,prefill_cache_commit,1,0,2,0.003584,0.003584,0.0040447999999999994,0.004096
decode_bs8,decode,16,prefill_cache_commit,1,1,1,0.004096,0.004096,0.004096,0.004096
decode_bs8,decode,16,prefill_cache_commit,1,2,1,0.004096,0.004096,0.004096,0.004096
decode_bs8,decode,16,prefill_cache_commit,1,3,1,0.004096,0.004096,0.004096,0.004096
decode_bs8,decode,16,prefill_cache_commit,1,4,1,0.004096,0.004096,0.004096,0.004096
decode_bs8,decode,16,prefill_cache_commit,1,5,1,0.004096,0.004096,0.004096,0.004096
decode_bs8,decode,16,prefill_cache_commit,1,6,1,0.004096,0.004096,0.004096,0.004096
decode_bs8,decode,16,prefill_cache_commit,1,7,1,0.003072,0.003072,0.003072,0.003072
decode_bs8,decode,16,prefill_cache_commit,1,8,15,0.003549866666666667,0.003072,0.004096,0.004096
decode_bs8,decode,16,prefill_engine,1,0,2,18.163312,18.163312,18.2385232,18.24688
decode_bs8,decode,16,prefill_engine,1,1,1,18.144257,18.144257,18.144257,18.144257
decode_bs8,decode,16,prefill_engine,1,2,1,18.204672,18.204672,18.204672,18.204672
decode_bs8,decode,16,prefill_engine,1,3,1,18.138111,18.138111,18.138111,18.138111
decode_bs8,decode,16,prefill_engine,1,4,1,18.145281,18.145281,18.145281,18.145281
decode_bs8,decode,16,prefill_engine,1,5,1,18.164736,18.164736,18.164736,18.164736
decode_bs8,decode,16,prefill_engine,1,6,1,18.151424,18.151424,18.151424,18.151424
decode_bs8,decode,16,prefill_engine,1,7,1,18.964479,18.964479,18.964479,18.964479
decode_bs8,decode,16,prefill_engine,1,8,15,19.000047333333335,19.023872,19.1501312,19.150848
decode_bs8,decode,16,prefill_prepare,1,0,2,0.052608,0.052608,0.0742656,0.076672
decode_bs8,decode,16,prefill_prepare,1,1,1,0.027648,0.027648,0.027648,0.027648
decode_bs8,decode,16,prefill_prepare,1,2,1,0.028448,0.028448,0.028448,0.028448
decode_bs8,decode,16,prefill_prepare,1,3,1,0.028096,0.028096,0.028096,0.028096
decode_bs8,decode,16,prefill_prepare,1,4,1,0.02944,0.02944,0.02944,0.02944
decode_bs8,decode,16,prefill_prepare,1,5,1,0.026624,0.026624,0.026624,0.026624
decode_bs8,decode,16,prefill_prepare,1,6,1,0.027936,0.027936,0.027936,0.027936
decode_bs8,decode,16,prefill_prepare,1,7,1,0.028416,0.028416,0.028416,0.028416
decode_bs8,decode,16,prefill_prepare,1,8,15,0.027389866666666665,0.027648,0.0283488,0.028416
decode_bs8,decode,16,prefill_sample,1,0,2,0.022608,0.022608,0.0232272,0.023296
decode_bs8,decode,16,prefill_sample,1,1,1,0.01888,0.01888,0.01888,0.01888
decode_bs8,decode,16,prefill_sample,1,2,1,0.023392,0.023392,0.023392,0.023392
decode_bs8,decode,16,prefill_sample,1,3,1,0.022784,0.022784,0.022784,0.022784
decode_bs8,decode,16,prefill_sample,1,4,1,0.024608,0.024608,0.024608,0.024608
decode_bs8,decode,16,prefill_sample,1,5,1,0.024928,0.024928,0.024928,0.024928
decode_bs8,decode,16,prefill_sample,1,6,1,0.022656,0.022656,0.022656,0.022656
decode_bs8,decode,16,prefill_sample,1,7,1,0.019136,0.019136,0.019136,0.019136
decode_bs8,decode,16,prefill_sample,1,8,15,0.023509333333333333,0.022208,0.030409599999999995,0.031552
decode_bs16,decode,16,decode_engine,0,1,1,6.457344,6.457344,6.457344,6.457344
decode_bs16,decode,16,decode_engine,0,2,1,6.462464,6.462464,6.462464,6.462464
decode_bs16,decode,16,decode_engine,0,3,1,6.586368,6.586368,6.586368,6.586368
decode_bs16,decode,16,decode_engine,0,4,1,6.776832,6.776832,6.776832,6.776832
decode_bs16,decode,16,decode_engine,0,5,1,7.08096,7.08096,7.08096,7.08096
decode_bs16,decode,16,decode_engine,0,6,1,7.428096,7.428096,7.428096,7.428096
decode_bs16,decode,16,decode_engine,0,7,2,13.990912,13.990912,14.0176384,14.020608
decode_bs16,decode,16,decode_engine,0,8,8,13.997192,13.988351999999999,14.0498944,14.065664
decode_bs16,decode,16,decode_engine,0,9,1,14.092288,14.092288,14.092288,14.092288
decode_bs16,decode,16,decode_engine,0,10,1,14.10048,14.10048,14.10048,14.10048
decode_bs16,decode,16,decode_engine,0,11,1,14.123008,14.123008,14.123008,14.123008
decode_bs16,decode,16,decode_engine,0,12,1,14.121984,14.121984,14.121984,14.121984
decode_bs16,decode,16,decode_engine,0,13,1,14.185472,14.185472,14.185472,14.185472
decode_bs16,decode,16,decode_engine,0,14,1,14.191616,14.191616,14.191616,14.191616
decode_bs16,decode,16,decode_engine,0,15,1,14.12096,14.12096,14.12096,14.12096
decode_bs16,decode,16,decode_engine,0,16,9,13.989560888888889,13.989888,14.0232704,14.029824
decode_bs16,decode,16,decode_engine,1,1,1,18.930689,18.930689,18.930689,18.930689
decode_bs16,decode,16,decode_engine,1,2,1,18.916351,18.916351,18.916351,18.916351
decode_bs16,decode,16,decode_engine,1,3,1,19.024897,19.024897,19.024897,19.024897
decode_bs16,decode,16,decode_engine,1,4,1,19.305471,19.305471,19.305471,19.305471
decode_bs16,decode,16,decode_engine,1,5,1,19.799488,19.799488,19.799488,19.799488
decode_bs16,decode,16,decode_engine,1,6,1,19.667969,19.667969,19.667969,19.667969
decode_bs16,decode,16,decode_engine,1,7,1,18.302143,18.302143,18.302143,18.302143
decode_bs16,decode,16,decode_engine,1,8,1,18.289663,18.289663,18.289663,18.289663
decode_bs16,decode,16,decode_engine,1,9,1,18.316288,18.316288,18.316288,18.316288
decode_bs16,decode,16,decode_engine,1,10,1,18.540545,18.540545,18.540545,18.540545
decode_bs16,decode,16,decode_engine,1,11,1,18.304001,18.304001,18.304001,18.304001
decode_bs16,decode,16,decode_engine,1,12,1,18.433023,18.433023,18.433023,18.433023
decode_bs16,decode,16,decode_engine,1,13,1,18.32448,18.32448,18.32448,18.32448
decode_bs16,decode,16,decode_engine,1,14,1,18.386944,18.386944,18.386944,18.386944
decode_bs16,decode,16,decode_engine,1,15,8,18.43328,18.408959000000003,18.5831939,18.605057
decode_bs16,decode,16,decode_prepare,0,1,1,0.01696,0.01696,0.01696,0.01696
decode_bs16,decode,16,decode_prepare,0,2,1,0.016992,0.016992,0.016992,0.016992
decode_bs16,decode,16,decode_prepare,0,3,1,0.016352,0.016352,0.016352,0.016352
decode_bs16,decode,16,decode_prepare,0,4,1,0.016384,0.016384,0.016384,0.016384
decode_bs16,decode,16,decode_prepare,0,5,1,0.017408,0.017408,0.017408,0.017408
decode_bs16,decode,16,decode_prepare,0,6,1,0.01664,0.01664,0.01664,0.01664
decode_bs16,decode,16,decode_prepare,0,7,2,0.0168,0.0168,0.0171744,0.017216
decode_bs16,decode,16,decode_prepare,0,8,8,0.017056,0.017344,0.0174288,0.01744
decode_bs16,decode,16,decode_prepare,0,9,1,0.017408,0.017408,0.017408,0.017408
decode_bs16,decode,16,decode_prepare,0,10,1,0.017408,0.017408,0.017408,0.017408
decode_bs16,decode,16,decode_prepare,0,11,1,0.01712,0.01712,0.01712,0.01712
decode_bs16,decode,16,decode_prepare,0,12,1,0.017408,0.017408,0.017408,0.017408
decode_bs16,decode,16,decode_prepare,0,13,1,0.017408,0.017408,0.017408,0.017408
decode_bs16,decode,16,decode_prepare,0,14,1,0.017408,0.017408,0.017408,0.017408
decode_bs16,decode,16,decode_prepare,0,15,1,0.017056,0.017056,0.017056,0.017056
decode_bs16,decode,16,decode_prepare,0,16,9,0.017856,0.017504,0.018777600000000002,0.019008
decode_bs16,decode,16,decode_prepare,1,1,1,0.019456,0.019456,0.019456,0.019456
decode_bs16,decode,16,decode_prepare,1,2,1,0.014336,0.014336,0.014336,0.014336
decode_bs16,decode,16,decode_prepare,1,3,1,0.021504,0.021504,0.021504,0.021504
decode_bs16,decode,16,decode_prepare,1,4,1,0.018432,0.018432,0.018432,0.018432
decode_bs16,decode,16,decode_prepare,1,5,1,0.018432,0.018432,0.018432,0.018432
decode_bs16,decode,16,decode_prepare,1,6,1,0.017408,0.017408,0.017408,0.017408
decode_bs16,decode,16,decode_prepare,1,7,1,0.016384,0.016384,0.016384,0.016384
decode_bs16,decode,16,decode_prepare,1,8,1,0.017408,0.017408,0.017408,0.017408
decode_bs16,decode,16,decode_prepare,1,9,1,0.018432,0.018432,0.018432,0.018432
decode_bs16,decode,16,decode_prepare,1,10,1,0.022528,0.022528,0.022528,0.022528
decode_bs16,decode,16,decode_prepare,1,11,1,0.021504,0.021504,0.021504,0.021504
decode_bs16,decode,16,decode_prepare,1,12,1,0.02048,0.02048,0.02048,0.02048
decode_bs16,decode,16,decode_prepare,1,13,1,0.018432,0.018432,0.018432,0.018432
decode_bs16,decode,16,decode_prepare,1,14,1,0.017408,0.017408,0.017408,0.017408
decode_bs16,decode,16,decode_prepare,1,15,8,0.01984,0.019456,0.0228352,0.023552
decode_bs16,decode,16,decode_sample,0,1,1,0.025024,0.025024,0.025024,0.025024
decode_bs16,decode,16,decode_sample,0,2,1,0.018848,0.018848,0.018848,0.018848
decode_bs16,decode,16,decode_sample,0,3,1,0.02704,0.02704,0.02704,0.02704
decode_bs16,decode,16,decode_sample,0,4,1,0.031136,0.031136,0.031136,0.031136
decode_bs16,decode,16,decode_sample,0,5,1,0.040352,0.040352,0.040352,0.040352
decode_bs16,decode,16,decode_sample,0,6,1,0.046496,0.046496,0.046496,0.046496
decode_bs16,decode,16,decode_sample,0,7,2,0.043936,0.043936,0.0443968,0.044448
decode_bs16,decode,16,decode_sample,0,8,8,0.051104,0.050976,0.054201599999999996,0.05456
decode_bs16,decode,16,decode_sample,0,9,1,0.05264,0.05264,0.05264,0.05264
decode_bs16,decode,16,decode_sample,0,10,1,0.055712,0.055712,0.055712,0.055712
decode_bs16,decode,16,decode_sample,0,11,1,0.061248,0.061248,0.061248,0.061248
decode_bs16,decode,16,decode_sample,0,12,1,0.065952,0.065952,0.065952,0.065952
decode_bs16,decode,16,decode_sample,0,13,1,0.077216,0.077216,0.077216,0.077216
decode_bs16,decode,16,decode_sample,0,14,1,0.079264,0.079264,0.079264,0.079264
decode_bs16,decode,16,decode_sample,0,15,1,0.08336,0.08336,0.08336,0.08336
decode_bs16,decode,16,decode_sample,0,16,9,0.08839466666666666,0.089376,0.091424,0.091424
decode_bs16,decode,16,decode_sample,1,1,1,0.023328,0.023328,0.023328,0.023328
decode_bs16,decode,16,decode_sample,1,2,1,0.02336,0.02336,0.02336,0.02336
decode_bs16,decode,16,decode_sample,1,3,1,0.029472,0.029472,0.029472,0.029472
decode_bs16,decode,16,decode_sample,1,4,1,0.033568,0.033568,0.033568,0.033568
decode_bs16,decode,16,decode_sample,1,5,1,0.038688,0.038688,0.038688,0.038688
decode_bs16,decode,16,decode_sample,1,6,1,0.042016,0.042016,0.042016,0.042016
decode_bs16,decode,16,decode_sample,1,7,1,0.050976,0.050976,0.050976,0.050976
decode_bs16,decode,16,decode_sample,1,8,1,0.054944,0.054944,0.054944,0.054944
decode_bs16,decode,16,decode_sample,1,9,1,0.053024,0.053024,0.053024,0.053024
decode_bs16,decode,16,decode_sample,1,10,1,0.063264,0.063264,0.063264,0.063264
decode_bs16,decode,16,decode_sample,1,11,1,0.06224,0.06224,0.06224,0.06224
decode_bs16,decode,16,decode_sample,1,12,1,0.068384,0.068384,0.068384,0.068384
decode_bs16,decode,16,decode_sample,1,13,1,0.074528,0.074528,0.074528,0.074528
decode_bs16,decode,16,decode_sample,1,14,1,0.075552,0.075552,0.075552,0.075552
decode_bs16,decode,16,decode_sample,1,15,8,0.08416799999999999,0.084256,0.0875824,0.08784
decode_bs16,decode,16,prefill_cache_commit,1,0,2,0.003584,0.003584,0.0040447999999999994,0.004096
decode_bs16,decode,16,prefill_cache_commit,1,1,1,0.004096,0.004096,0.004096,0.004096
decode_bs16,decode,16,prefill_cache_commit,1,2,1,0.004096,0.004096,0.004096,0.004096
decode_bs16,decode,16,prefill_cache_commit,1,3,1,0.004096,0.004096,0.004096,0.004096
decode_bs16,decode,16,prefill_cache_commit,1,4,1,0.004096,0.004096,0.004096,0.004096
decode_bs16,decode,16,prefill_cache_commit,1,5,1,0.004096,0.004096,0.004096,0.004096
decode_bs16,decode,16,prefill_cache_commit,1,6,1,0.00512,0.00512,0.00512,0.00512
decode_bs16,decode,16,prefill_cache_commit,1,7,1,0.003072,0.003072,0.003072,0.003072
decode_bs16,decode,16,prefill_cache_commit,1,8,1,0.003072,0.003072,0.003072,0.003072
decode_bs16,decode,16,prefill_cache_commit,1,9,1,0.003072,0.003072,0.003072,0.003072
decode_bs16,decode,16,prefill_cache_commit,1,10,1,0.004096,0.004096,0.004096,0.004096
decode_bs16,decode,16,prefill_cache_commit,1,11,1,0.003072,0.003072,0.003072,0.003072
decode_bs16,decode,16,prefill_cache_commit,1,12,1,0.003072,0.003072,0.003072,0.003072
decode_bs16,decode,16,prefill_cache_commit,1,13,1,0.003072,0.003072,0.003072,0.003072
decode_bs16,decode,16,prefill_cache_commit,1,14,1,0.004096,0.004096,0.004096,0.004096
decode_bs16,decode,16,prefill_cache_commit,1,15,8,0.003584,0.003584,0.004096,0.004096
decode_bs16,decode,16,prefill_engine,1,0,2,18.127968000000003,18.127968000000003,18.1944096,18.201792
decode_bs16,decode,16,prefill_engine,1,1,1,18.141184,18.141184,18.141184,18.141184
decode_bs16,decode,16,prefill_engine,1,2,1,18.200577,18.200577,18.200577,18.200577
decode_bs16,decode,16,prefill_engine,1,3,1,18.144257,18.144257,18.144257,18.144257
decode_bs16,decode,16,prefill_engine,1,4,1,18.154495,18.154495,18.154495,18.154495
decode_bs16,decode,16,prefill_engine,1,5,1,18.236416,18.236416,18.236416,18.236416
decode_bs16,decode,16,prefill_engine,1,6,1,18.241535,18.241535,18.241535,18.241535
decode_bs16,decode,16,prefill_engine,1,7,1,18.839552,18.839552,18.839552,18.839552
decode_bs16,decode,16,prefill_engine,1,8,1,19.162111,19.162111,19.162111,19.162111
decode_bs16,decode,16,prefill_engine,1,9,1,19.060736,19.060736,19.060736,19.060736
decode_bs16,decode,16,prefill_engine,1,10,1,18.91328,18.91328,18.91328,18.91328
decode_bs16,decode,16,prefill_engine,1,11,1,19.048449,19.048449,19.048449,19.048449
decode_bs16,decode,16,prefill_engine,1,12,1,19.217407,19.217407,19.217407,19.217407
decode_bs16,decode,16,prefill_engine,1,13,1,19.169279,19.169279,19.169279,19.169279
decode_bs16,decode,16,prefill_engine,1,14,1,19.141632,19.141632,19.141632,19.141632
decode_bs16,decode,16,prefill_engine,1,15,8,19.119488,19.1037435,19.24049985,19.271681
decode_bs16,decode,16,prefill_prepare,1,0,2,0.051488,0.051488,0.0724256,0.074752
decode_bs16,decode,16,prefill_prepare,1,1,1,0.028352,0.028352,0.028352,0.028352
decode_bs16,decode,16,prefill_prepare,1,2,1,0.027648,0.027648,0.027648,0.027648
decode_bs16,decode,16,prefill_prepare,1,3,1,0.027648,0.027648,0.027648,0.027648
decode_bs16,decode,16,prefill_prepare,1,4,1,0.02944,0.02944,0.02944,0.02944
decode_bs16,decode,16,prefill_prepare,1,5,1,0.03072,0.03072,0.03072,0.03072
decode_bs16,decode,16,prefill_prepare,1,6,1,0.0288,0.0288,0.0288,0.0288
decode_bs16,decode,16,prefill_prepare,1,7,1,0.028352,0.028352,0.028352,0.028352
decode_bs16,decode,16,prefill_prepare,1,8,1,0.026624,0.026624,0.026624,0.026624
decode_bs16,decode,16,prefill_prepare,1,9,1,0.027648,0.027648,0.027648,0.027648
decode_bs16,decode,16,prefill_prepare,1,10,1,0.027744,0.027744,0.027744,0.027744
decode_bs16,decode,16,prefill_prepare,1,11,1,0.026624,0.026624,0.026624,0.026624
decode_bs16,decode,16,prefill_prepare,1,12,1,0.027232,0.027232,0.027232,0.027232
decode_bs16,decode,16,prefill_prepare,1,13,1,0.026336,0.026336,0.026336,0.026336
decode_bs16,decode,16,prefill_prepare,1,14,1,0.027264,0.027264,0.027264,0.027264
decode_bs16,decode,16,prefill_prepare,1,15,8,0.027479999999999997,0.027648,0.027648,0.027648
decode_bs16,decode,16,prefill_sample,1,0,2,0.027743999999999998,0.027743999999999998,0.0302208,0.030496
decode_bs16,decode,16,prefill_sample,1,1,1,0.018912,0.018912,0.018912,0.018912
decode_bs16,decode,16,prefill_sample,1,2,1,0.020352,0.020352,0.020352,0.020352
decode_bs16,decode,16,prefill_sample,1,3,1,0.018336,0.018336,0.018336,0.018336
decode_bs16,decode,16,prefill_sample,1,4,1,0.021504,0.021504,0.021504,0.021504
decode_bs16,decode,16,prefill_sample,1,5,1,0.018176,0.018176,0.018176,0.018176
decode_bs16,decode,16,prefill_sample,1,6,1,0.024864,0.024864,0.024864,0.024864
decode_bs16,decode,16,prefill_sample,1,7,1,0.02048,0.02048,0.02048,0.02048
decode_bs16,decode,16,prefill_sample,1,8,1,0.02752,0.02752,0.02752,0.02752
decode_bs16,decode,16,prefill_sample,1,9,1,0.02496,0.02496,0.02496,0.02496
decode_bs16,decode,16,prefill_sample,1,10,1,0.019104,0.019104,0.019104,0.019104
decode_bs16,decode,16,prefill_sample,1,11,1,0.021184,0.021184,0.021184,0.021184
decode_bs16,decode,16,prefill_sample,1,12,1,0.022208,0.022208,0.022208,0.022208
decode_bs16,decode,16,prefill_sample,1,13,1,0.024032,0.024032,0.024032,0.024032
decode_bs16,decode,16,prefill_sample,1,14,1,0.023232,0.023232,0.023232,0.023232
decode_bs16,decode,16,prefill_sample,1,15,8,0.024892,0.024416,0.0322688,0.03424
overlap_p1_d15,overlap,16,decode_engine,0,1,1,6.998016,6.998016,6.998016,6.998016
overlap_p1_d15,overlap,16,decode_engine,0,2,1,7.104512,7.104512,7.104512,7.104512
overlap_p1_d15,overlap,16,decode_engine,0,3,1,7.2192,7.2192,7.2192,7.2192
overlap_p1_d15,overlap,16,decode_engine,0,4,1,7.3984,7.3984,7.3984,7.3984
overlap_p1_d15,overlap,16,decode_engine,0,5,1,7.711744,7.711744,7.711744,7.711744
overlap_p1_d15,overlap,16,decode_engine,0,6,2,8.026112,8.026112,8.058368,8.061952
overlap_p1_d15,overlap,16,decode_engine,0,7,3,14.649344000000001,14.63296,14.6854912,14.691328
overlap_p1_d15,overlap,16,decode_engine,0,8,2,14.67904,14.67904,14.7057664,14.708736
overlap_p1_d15,overlap,16,decode_engine,0,9,2,14.698496,14.698496,14.728908800000001,14.732288
overlap_p1_d15,overlap,16,decode_engine,0,10,1,14.769152,14.769152,14.769152,14.769152
overlap_p1_d15,overlap,16,decode_engine,1,1,26,10.099160615384616,9.540096,9.860608,24.812544
overlap_p1_d15,overlap,16,decode_engine,1,2,27,10.058600333333333,9.511936,10.0128768,24.268801
overlap_p1_d15,overlap,16,decode_engine,1,3,26,10.194116884615385,9.563648,10.11456,24.468479
overlap_p1_d15,overlap,16,decode_engine,1,4,14,11.087433142857142,9.97888,15.612979199999995,24.733696
overlap_p1_d15,overlap,16,decode_engine,1,5,7,12.721444571428572,10.831872,20.823551999999992,25.033728
overlap_p1_d15,overlap,16,decode_engine,1,6,10,12.6019583,11.35872,19.096882649999984,25.357311
overlap_p1_d15,overlap,16,decode_engine,1,7,6,18.932394666666667,18.809855499999998,19.389183250000002,19.416063
overlap_p1_d15,overlap,16,decode_engine,1,8,8,18.836608125,18.724864,19.34243775,19.368959
overlap_p1_d15,overlap,16,decode_engine,1,9,7,18.462719857142858,18.41152,18.7607037,18.840576
overlap_p1_d15,overlap,16,decode_engine,1,10,2,18.768895999999998,18.768895999999998,18.9504521,18.970625
overlap_p1_d15,overlap,16,decode_engine,1,11,2,18.668032,18.668032,18.8150272,18.83136
overlap_p1_d15,overlap,16,decode_engine,1,12,2,19.100672,19.100672,19.308031999999997,19.331072
overlap_p1_d15,overlap,16,decode_engine,1,13,2,18.6408955,18.6408955,18.84549025,18.868223
overlap_p1_d15,overlap,16,decode_engine,1,14,2,18.9675525,18.9675525,19.040359350000003,19.048449
overlap_p1_d15,overlap,16,decode_engine,1,15,2,18.7069445,18.7069445,18.91568735,18.938881
overlap_p1_d15,overlap,16,decode_prepare,0,1,1,0.016384,0.016384,0.016384,0.016384
overlap_p1_d15,overlap,16,decode_prepare,0,2,1,0.016672,0.016672,0.016672,0.016672
overlap_p1_d15,overlap,16,decode_prepare,0,3,1,0.016384,0.016384,0.016384,0.016384
overlap_p1_d15,overlap,16,decode_prepare,0,4,1,0.017568,0.017568,0.017568,0.017568
overlap_p1_d15,overlap,16,decode_prepare,0,5,1,0.016384,0.016384,0.016384,0.016384
overlap_p1_d15,overlap,16,decode_prepare,0,6,2,0.016,0.016,0.016575999999999997,0.01664
overlap_p1_d15,overlap,16,decode_prepare,0,7,3,0.016832,0.016704,0.017337599999999998,0.017408
overlap_p1_d15,overlap,16,decode_prepare,0,8,2,0.016896,0.016896,0.0170976,0.01712
overlap_p1_d15,overlap,16,decode_prepare,0,9,2,0.016384,0.016384,0.016384,0.016384
overlap_p1_d15,overlap,16,decode_prepare,0,10,1,0.017216,0.017216,0.017216,0.017216
overlap_p1_d15,overlap,16,decode_prepare,1,1,26,0.019377230769230768,0.018432,0.021248,0.049152
overlap_p1_d15,overlap,16,decode_prepare,1,2,27,0.018849185185185184,0.018432,0.028979199999999993,0.041984
overlap_p1_d15,overlap,16,decode_prepare,1,3,26,0.016935384615384616,0.016896,0.020224000000000002,0.02048
overlap_p1_d15,overlap,16,decode_prepare,1,4,14,0.017554285714285713,0.01792,0.018432,0.018432
overlap_p1_d15,overlap,16,decode_prepare,1,5,7,0.015506285714285714,0.017408,0.018432,0.018432
overlap_p1_d15,overlap,16,decode_prepare,1,6,10,0.0176128,0.017408,0.018432,0.018432
overlap_p1_d15,overlap,16,decode_prepare,1,7,6,0.017237333333333334,0.017408,0.019200000000000002,0.019456
overlap_p1_d15,overlap,16,decode_prepare,1,8,8,0.018944,0.018432,0.0218112,0.022528
overlap_p1_d15,overlap,16,decode_prepare,1,9,7,0.019017142857142857,0.018432,0.022323199999999998,0.023552
overlap_p1_d15,overlap,16,decode_prepare,1,10,2,0.016384,0.016384,0.0182272,0.018432
overlap_p1_d15,overlap,16,decode_prepare,1,11,2,0.016704,0.016704,0.0182592,0.018432
overlap_p1_d15,overlap,16,decode_prepare,1,12,2,0.018944000000000003,0.018944000000000003,0.0194048,0.019456
overlap_p1_d15,overlap,16,decode_prepare,1,13,2,0.021504000000000002,0.021504000000000002,0.0242688,0.024576
overlap_p1_d15,overlap,16,decode_prepare,1,14,2,0.034304,0.034304,0.048588799999999994,0.050176
overlap_p1_d15,overlap,16,decode_prepare,1,15,2,0.018944000000000003,0.018944000000000003,0.0194048,0.019456
overlap_p1_d15,overlap,16,decode_sample,0,1,1,0.023968,0.023968,0.023968,0.023968
overlap_p1_d15,overlap,16,decode_sample,0,2,1,0.022944,0.022944,0.022944,0.022944
overlap_p1_d15,overlap,16,decode_sample,0,3,1,0.022944,0.022944,0.022944,0.022944
overlap_p1_d15,overlap,16,decode_sample,0,4,1,0.03216,0.03216,0.03216,0.03216
overlap_p1_d15,overlap,16,decode_sample,0,5,1,0.038304,0.038304,0.038304,0.038304
overlap_p1_d15,overlap,16,decode_sample,0,6,2,0.0424,0.0424,0.0424,0.0424
overlap_p1_d15,overlap,16,decode_sample,0,7,3,0.048362666666666665,0.049568,0.051411200000000004,0.051616
overlap_p1_d15,overlap,16,decode_sample,0,8,2,0.052000000000000005,0.052000000000000005,0.0524608,0.052512
overlap_p1_d15,overlap,16,decode_sample,0,9,2,0.054784,0.054784,0.0574624,0.05776
overlap_p1_d15,overlap,16,decode_sample,0,10,1,0.059808,0.059808,0.059808,0.059808
overlap_p1_d15,overlap,16,decode_sample,1,1,26,0.029099076923076922,0.024944,0.056624,0.061024
overlap_p1_d15,overlap,16,decode_sample,1,2,27,0.03335703703703704,0.027072,0.0573024,0.09808
overlap_p1_d15,overlap,16,decode_sample,1,3,26,0.03570830769230769,0.033024,0.057016,0.062272
overlap_p1_d15,overlap,16,decode_sample,1,4,14,0.04690742857142857,0.039728,0.0883824,0.112032
overlap_p1_d15,overlap,16,decode_sample,1,5,7,0.04640914285714286,0.04288,0.061299199999999984,0.066368
overlap_p1_d15,overlap,16,decode_sample,1,6,10,0.0544928,0.051935999999999996,0.07111039999999999,0.07664
overlap_p1_d15,overlap,16,decode_sample,1,7,6,0.053904,0.052336,0.061904,0.062464
overlap_p1_d15,overlap,16,decode_sample,1,8,8,0.057264,0.057408,0.0628224,0.063136
overlap_p1_d15,overlap,16,decode_sample,1,9,7,0.06416914285714286,0.054048,0.09860479999999996,0.1136
overlap_p1_d15,overlap,16,decode_sample,1,10,2,0.066416,0.066416,0.0732848,0.074048
overlap_p1_d15,overlap,16,decode_sample,1,11,2,0.064496,0.064496,0.066872,0.067136
overlap_p1_d15,overlap,16,decode_sample,1,12,2,0.070976,0.070976,0.0745472,0.074944
overlap_p1_d15,overlap,16,decode_sample,1,13,2,0.09336,0.09336,0.1124976,0.114624
overlap_p1_d15,overlap,16,decode_sample,1,14,2,0.08408,0.08408,0.0884144,0.088896
overlap_p1_d15,overlap,16,decode_sample,1,15,2,0.090144,0.090144,0.0968832,0.097632
overlap_p1_d15,overlap,16,prefill_cache_commit,1,0,49,0.0036329795918367347,0.003072,0.004096,0.01536
overlap_p1_d15,overlap,16,prefill_cache_commit,1,1,26,0.003505230769230769,0.003072,0.004096,0.00512
overlap_p1_d15,overlap,16,prefill_cache_commit,1,2,27,0.003226074074074074,0.003072,0.004096,0.004096
overlap_p1_d15,overlap,16,prefill_cache_commit,1,3,26,0.0032726153846153847,0.003072,0.004096,0.004096
overlap_p1_d15,overlap,16,prefill_cache_commit,1,4,14,0.003584,0.003072,0.0044544,0.00512
overlap_p1_d15,overlap,16,prefill_cache_commit,1,5,7,0.0033645714285714286,0.003072,0.0045055999999999985,0.00512
overlap_p1_d15,overlap,16,prefill_cache_commit,1,6,10,0.0036864,0.004096,0.004096,0.004096
overlap_p1_d15,overlap,16,prefill_cache_commit,1,7,6,0.0034933333333333335,0.003312,0.004096,0.004096
overlap_p1_d15,overlap,16,prefill_cache_commit,1,8,8,0.003968,0.004096,0.004096,0.004096
overlap_p1_d15,overlap,16,prefill_cache_commit,1,9,7,0.0033645714285714286,0.003072,0.004096,0.004096
overlap_p1_d15,overlap,16,prefill_cache_commit,1,10,2,0.003072,0.003072,0.003072,0.003072
overlap_p1_d15,overlap,16,prefill_cache_commit,1,11,2,0.003072,0.003072,0.003072,0.003072
overlap_p1_d15,overlap,16,prefill_cache_commit,1,12,2,0.003584,0.003584,0.0040447999999999994,0.004096
overlap_p1_d15,overlap,16,prefill_cache_commit,1,13,2,0.003584,0.003584,0.0040447999999999994,0.004096
overlap_p1_d15,overlap,16,prefill_cache_commit,1,14,2,0.003584,0.003584,0.0040447999999999994,0.004096
overlap_p1_d15,overlap,16,prefill_cache_commit,1,15,2,0.003072,0.003072,0.003072,0.003072
overlap_p1_d15,overlap,16,prefill_engine,1,0,49,19.95460963265306,20.146175,21.496807399999998,22.850559
overlap_p1_d15,overlap,16,prefill_engine,1,1,26,22.511977692307692,22.657024,25.391104,25.612288
overlap_p1_d15,overlap,16,prefill_engine,1,2,27,22.791032851851853,22.707199,25.351576899999998,25.48736
overlap_p1_d15,overlap,16,prefill_engine,1,3,26,23.684075153846155,23.992320499999998,25.472512,25.52832
overlap_p1_d15,overlap,16,prefill_engine,1,4,14,23.878801928571427,24.05632,25.49114815,25.519104
overlap_p1_d15,overlap,16,prefill_engine,1,5,7,23.793371142857143,24.163328,25.790054100000003,25.890816
overlap_p1_d15,overlap,16,prefill_engine,1,6,10,23.5757922,23.298737000000003,25.8204673,25.823233
overlap_p1_d15,overlap,16,prefill_engine,1,7,6,23.673685166666665,24.151040000000002,25.5626235,25.563135
overlap_p1_d15,overlap,16,prefill_engine,1,8,8,23.984768375,24.731136499999998,25.49929025,25.506817
overlap_p1_d15,overlap,16,prefill_engine,1,9,7,21.031350857142858,18.840576,25.582694099999998,25.675776
overlap_p1_d15,overlap,16,prefill_engine,1,10,2,23.3390085,23.3390085,25.251328049999998,25.463808
overlap_p1_d15,overlap,16,prefill_engine,1,11,2,22.145023000000002,22.145023000000002,25.200127000000002,25.539583
overlap_p1_d15,overlap,16,prefill_engine,1,12,2,24.260607999999998,24.260607999999998,25.541632,25.683968
overlap_p1_d15,overlap,16,prefill_engine,1,13,2,22.306304,22.306304,25.186765700000002,25.506817
overlap_p1_d15,overlap,16,prefill_engine,1,14,2,23.673855500000002,23.673855500000002,25.79261435,26.028032
overlap_p1_d15,overlap,16,prefill_engine,1,15,2,22.370815999999998,22.370815999999998,25.526835199999997,25.877504
overlap_p1_d15,overlap,16,prefill_prepare,1,0,49,0.028485877551020406,0.026624,0.03072,0.077568
overlap_p1_d15,overlap,16,prefill_prepare,1,1,26,0.028007384615384615,0.027648,0.029872,0.03072
overlap_p1_d15,overlap,16,prefill_prepare,1,2,27,0.028148148148148148,0.027648,0.029696,0.03024
overlap_p1_d15,overlap,16,prefill_prepare,1,3,26,0.027833846153846153,0.027648,0.028672,0.029408
overlap_p1_d15,overlap,16,prefill_prepare,1,4,14,0.028013714285714284,0.027648,0.0288848,0.02928
overlap_p1_d15,overlap,16,prefill_prepare,1,5,7,0.027903999999999998,0.027648,0.028608,0.028704
overlap_p1_d15,overlap,16,prefill_prepare,1,6,10,0.0280288,0.027999999999999997,0.0286576,0.028672
overlap_p1_d15,overlap,16,prefill_prepare,1,7,6,0.027978666666666666,0.027648,0.029391999999999998,0.029632
overlap_p1_d15,overlap,16,prefill_prepare,1,8,8,0.027979999999999998,0.027648,0.028672,0.028672
overlap_p1_d15,overlap,16,prefill_prepare,1,9,7,0.028224,0.028,0.0293888,0.029696
overlap_p1_d15,overlap,16,prefill_prepare,1,10,2,0.028672,0.028672,0.028672,0.028672
overlap_p1_d15,overlap,16,prefill_prepare,1,11,2,0.028672,0.028672,0.028672,0.028672
overlap_p1_d15,overlap,16,prefill_prepare,1,12,2,0.028288,0.028288,0.0283456,0.028352
overlap_p1_d15,overlap,16,prefill_prepare,1,13,2,0.028128,0.028128,0.0286176,0.028672
overlap_p1_d15,overlap,16,prefill_prepare,1,14,2,0.028016,0.028016,0.0283472,0.028384
overlap_p1_d15,overlap,16,prefill_prepare,1,15,2,0.027984000000000002,0.027984000000000002,0.0282864,0.02832
overlap_p1_d15,overlap,16,prefill_sample,1,0,1,0.029472,0.029472,0.029472,0.029472
overlap_p1_d15,overlap,16,prefill_sample,1,1,5,0.0208384,0.020256,0.023558399999999997,0.024352
overlap_p1_d15,overlap,16,prefill_sample,1,2,5,0.022368,0.023296,0.02496,0.025376
overlap_p1_d15,overlap,16,prefill_sample,1,3,7,0.02112457142857143,0.021248,0.024044799999999998,0.024352
overlap_p1_d15,overlap,16,prefill_sample,1,4,5,0.021196800000000002,0.02128,0.0233216,0.023328
overlap_p1_d15,overlap,16,prefill_sample,1,5,3,0.022432,0.022272,0.024144,0.024352
overlap_p1_d15,overlap,16,prefill_sample,1,6,5,0.0211648,0.019232,0.0245568,0.024608
overlap_p1_d15,overlap,16,prefill_sample,1,7,3,0.021941333333333334,0.021248,0.0240416,0.024352
overlap_p1_d15,overlap,16,prefill_sample,1,8,6,0.024826666666666667,0.024336,0.029264,0.029664
overlap_p1_d15,overlap,16,prefill_sample,1,9,2,0.020768000000000002,0.020768000000000002,0.0212576,0.021312
overlap_p1_d15,overlap,16,prefill_sample,1,10,1,0.024352,0.024352,0.024352,0.024352
overlap_p1_d15,overlap,16,prefill_sample,1,11,1,0.022336,0.022336,0.022336,0.022336
overlap_p1_d15,overlap,16,prefill_sample,1,12,1,0.024352,0.024352,0.024352,0.024352
overlap_p1_d15,overlap,16,prefill_sample,1,13,1,0.019232,0.019232,0.019232,0.019232
overlap_p1_d15,overlap,16,prefill_sample,1,14,1,0.023296,0.023296,0.023296,0.023296
overlap_p1_d15,overlap,16,prefill_sample,1,15,1,0.021248,0.021248,0.021248,0.021248
overlap_p2_d14,overlap,16,decode_engine,0,2,1,7.104736,7.104736,7.104736,7.104736
overlap_p2_d14,overlap,16,decode_engine,0,4,1,7.469792,7.469792,7.469792,7.469792
overlap_p2_d14,overlap,16,decode_engine,0,6,2,8.038464000000001,8.038464000000001,8.0678976,8.071168
overlap_p2_d14,overlap,16,decode_engine,0,8,6,14.812842666666667,14.670335999999999,15.296,15.489024
overlap_p2_d14,overlap,16,decode_engine,0,10,5,14.8844544,14.843904,15.105228799999999,15.152128
overlap_p2_d14,overlap,16,decode_engine,0,14,12,14.886125333333334,14.825536,15.078604799999999,15.09888
overlap_p2_d14,overlap,16,decode_engine,2,2,17,12.803433352941177,11.51488,16.664985399999985,33.423359
overlap_p2_d14,overlap,16,decode_engine,2,4,16,13.9036159375,12.680704,18.60838375,33.597439
overlap_p2_d14,overlap,16,decode_engine,2,6,13,15.680984692307693,14.154752,22.985933199999973,34.400257
overlap_p2_d14,overlap,16,decode_engine,2,8,5,22.747987,22.956192,23.574732,23.667711
overlap_p2_d14,overlap,16,decode_engine,2,10,5,22.8012026,22.747135,23.483392,23.641088
overlap_p2_d14,overlap,16,decode_engine,2,12,6,23.212132666666665,23.4109915,23.668991,23.706623
overlap_p2_d14,overlap,16,decode_engine,2,14,7,23.294541714285714,22.692863,24.407970900000002,24.410112
overlap_p2_d14,overlap,16,decode_prepare,0,2,1,0.017408,0.017408,0.017408,0.017408
overlap_p2_d14,overlap,16,decode_prepare,0,4,1,0.023552,0.023552,0.023552,0.023552
overlap_p2_d14,overlap,16,decode_prepare,0,6,2,0.01688,0.01688,0.0173264,0.017376
overlap_p2_d14,overlap,16,decode_prepare,0,8,6,0.0204,0.017408,0.031231999999999996,0.03584
overlap_p2_d14,overlap,16,decode_prepare,0,10,5,0.0177728,0.017408,0.018432,0.018432
overlap_p2_d14,overlap,16,decode_prepare,0,14,12,0.018152,0.017792000000000002,0.019902399999999997,0.021504
overlap_p2_d14,overlap,16,decode_prepare,2,2,17,0.02174494117647059,0.018432,0.04505599999999999,0.053248
overlap_p2_d14,overlap,16,decode_prepare,2,4,16,0.02176,0.018432,0.0448,0.050176
overlap_p2_d14,overlap,16,decode_prepare,2,6,13,0.02567876923076923,0.019456,0.048947199999999996,0.050176
overlap_p2_d14,overlap,16,decode_prepare,2,8,5,0.021913600000000002,0.019456,0.030310399999999998,0.032768
overlap_p2_d14,overlap,16,decode_prepare,2,10,5,0.023347200000000002,0.019456,0.03584,0.039936
overlap_p2_d14,overlap,16,decode_prepare,2,12,6,0.020309333333333332,0.015872,0.040704000000000004,0.047104
overlap_p2_d14,overlap,16,decode_prepare,2,14,7,0.024283428571428574,0.02048,0.037888,0.04096
overlap_p2_d14,overlap,16,decode_sample,0,2,1,0.022944,0.022944,0.022944,0.022944
overlap_p2_d14,overlap,16,decode_sample,0,4,1,0.029088,0.029088,0.029088,0.029088
overlap_p2_d14,overlap,16,decode_sample,0,6,2,0.040384,0.040384,0.0422272,0.042432
overlap_p2_d14,overlap,16,decode_sample,0,8,6,0.051216,0.051488,0.052512,0.052512
overlap_p2_d14,overlap,16,decode_sample,0,10,5,0.0601152,0.061888,0.06290559999999999,0.062912
overlap_p2_d14,overlap,16,decode_sample,0,14,12,0.07852533333333334,0.078768,0.0808128,0.081376
overlap_p2_d14,overlap,16,decode_sample,2,2,17,0.05246305882352941,0.031168,0.1675712,0.167648
overlap_p2_d14,overlap,16,decode_sample,2,4,16,0.047914,0.042432,0.08407200000000001,0.116352
overlap_p2_d14,overlap,16,decode_sample,2,6,13,0.06929723076923076,0.052064,0.1227776,0.125888
overlap_p2_d14,overlap,16,decode_sample,2,8,5,0.0804992,0.079904,0.1045952,0.105024
overlap_p2_d14,overlap,16,decode_sample,2,10,5,0.1743872,0.205728,0.235648,0.242112
overlap_p2_d14,overlap,16,decode_sample,2,12,6,0.09550933333333333,0.08548800000000001,0.141232,0.150688
overlap_p2_d14,overlap,16,decode_sample,2,14,7,0.12094628571428571,0.098752,0.2242015999999999,0.268544
overlap_p2_d14,overlap,16,prefill_cache_commit,1,0,2,0.003744,0.003744,0.0040608,0.004096
overlap_p2_d14,overlap,16,prefill_cache_commit,2,0,26,0.0034806153846153845,0.003216,0.004096,0.004096
overlap_p2_d14,overlap,16,prefill_cache_commit,2,2,17,0.003536941176470588,0.00336,0.004096,0.004096
overlap_p2_d14,overlap,16,prefill_cache_commit,2,4,16,0.003456,0.003216,0.004096,0.004096
overlap_p2_d14,overlap,16,prefill_cache_commit,2,6,13,0.0037809230769230767,0.004096,0.0045055999999999985,0.00512
overlap_p2_d14,overlap,16,prefill_cache_commit,2,8,5,0.0032768,0.003072,0.0038911999999999996,0.004096
overlap_p2_d14,overlap,16,prefill_cache_commit,2,10,5,0.0037056,0.004096,0.004096,0.004096
overlap_p2_d14,overlap,16,prefill_cache_commit,2,12,6,0.003797333333333333,0.004096,0.004096,0.004096
overlap_p2_d14,overlap,16,prefill_cache_commit,2,14,7,0.00368,0.004096,0.004096,0.004096
overlap_p2_d14,overlap,16,prefill_engine,1,0,2,18.309632,18.309632,18.4520192,18.46784
overlap_p2_d14,overlap,16,prefill_engine,2,0,26,27.656550076923075,27.852288,31.465215999999998,32.00819
overlap_p2_d14,overlap,16,prefill_engine,2,2,17,30.60272188235294,30.766081,33.210981399999994,34.638847
overlap_p2_d14,overlap,16,prefill_engine,2,4,16,31.921102125,32.6225925,34.97011275,35.085312
overlap_p2_d14,overlap,16,prefill_engine,2,6,13,31.70604353846154,32.947201,35.269708200000004,35.275776
overlap_p2_d14,overlap,16,prefill_engine,2,8,5,32.427827199999996,34.932735,35.1766538,35.178497
overlap_p2_d14,overlap,16,prefill_engine,2,10,5,34.5053826,35.075394,35.4658302,35.46624
overlap_p2_d14,overlap,16,prefill_engine,2,12,6,31.3122135,32.2606075,35.53152075,35.566593
overlap_p2_d14,overlap,16,prefill_engine,2,14,7,31.520773000000002,31.367201,35.5277837,35.639297
overlap_p2_d14,overlap,16,prefill_prepare,1,0,2,0.05216,0.05216,0.0751424,0.077696
overlap_p2_d14,overlap,16,prefill_prepare,2,0,26,0.033638153846153845,0.033632,0.035248,0.035616
overlap_p2_d14,overlap,16,prefill_prepare,2,2,17,0.035384470588235295,0.033792,0.0437312,0.047008
overlap_p2_d14,overlap,16,prefill_prepare,2,4,16,0.034412,0.03448,0.035032,0.03568
overlap_p2_d14,overlap,16,prefill_prepare,2,6,13,0.03431138461538462,0.034368,0.035225599999999996,0.03584
overlap_p2_d14,overlap,16,prefill_prepare,2,8,5,0.0345472,0.034432,0.0356352,0.03584
overlap_p2_d14,overlap,16,prefill_prepare,2,10,5,0.034099199999999996,0.0336,0.0356352,0.03584
overlap_p2_d14,overlap,16,prefill_prepare,2,12,6,0.035173333333333334,0.034991999999999995,0.036704,0.036992
overlap_p2_d14,overlap,16,prefill_prepare,2,14,7,0.03435428571428571,0.0344,0.0355552,0.035872
overlap_p2_d14,overlap,16,prefill_sample,2,0,2,0.023328,0.023328,0.0260928,0.0264
overlap_p2_d14,overlap,16,prefill_sample,2,2,2,0.021168,0.021168,0.021355199999999998,0.021376
overlap_p2_d14,overlap,16,prefill_sample,2,4,6,0.020714666666666666,0.020064,0.02384,0.024352
overlap_p2_d14,overlap,16,prefill_sample,2,6,4,0.022136,0.023344,0.0235776,0.023616
overlap_p2_d14,overlap,16,prefill_sample,2,8,3,0.021290666666666666,0.019264,0.0247648,0.025376
overlap_p2_d14,overlap,16,prefill_sample,2,10,3,0.01957333333333333,0.019232,0.0210752,0.02128
overlap_p2_d14,overlap,16,prefill_sample,2,12,2,0.021904,0.021904,0.0252304,0.0256
overlap_p2_d14,overlap,16,prefill_sample,2,14,2,0.023344,0.023344,0.023358399999999998,0.02336
overlap_p4_d12,overlap,16,decode_engine,0,4,1,7.417856,7.417856,7.417856,7.417856
overlap_p4_d12,overlap,16,decode_engine,0,8,5,14.658969599999999,14.642176,14.7073024,14.722048
overlap_p4_d12,overlap,16,decode_engine,0,12,36,14.911323555555555,14.794336,15.383040000000001,15.41632
overlap_p4_d12,overlap,16,decode_engine,4,4,14,19.95051892857143,17.131520000000002,32.59837404999999,58.211327
overlap_p4_d12,overlap,16,decode_engine,4,8,10,36.2868741,36.128769,37.21077605,37.562366
overlap_p4_d12,overlap,16,decode_engine,4,12,9,37.16505611111111,37.011456,38.1726732,38.400002
overlap_p4_d12,overlap,16,decode_prepare,0,4,1,0.016384,0.016384,0.016384,0.016384
overlap_p4_d12,overlap,16,decode_prepare,0,8,5,0.0170496,0.016768,0.018208000000000002,0.018432
overlap_p4_d12,overlap,16,decode_prepare,0,12,36,0.017763555555555557,0.017408,0.018432,0.022528
overlap_p4_d12,overlap,16,decode_prepare,4,4,14,0.02640457142857143,0.02048,0.0495104,0.050176
overlap_p4_d12,overlap,16,decode_prepare,4,8,10,0.0231424,0.024064000000000002,0.026726399999999997,0.027648
overlap_p4_d12,overlap,16,decode_prepare,4,12,9,0.029013333333333332,0.022528,0.07004159999999998,0.098304
overlap_p4_d12,overlap,16,decode_sample,0,4,1,0.037248,0.037248,0.037248,0.037248
overlap_p4_d12,overlap,16,decode_sample,0,8,5,0.0509504,0.04944,0.057836799999999994,0.05968
overlap_p4_d12,overlap,16,decode_sample,0,12,36,0.06831555555555556,0.067968,0.07312,0.073408
overlap_p4_d12,overlap,16,decode_sample,4,4,14,0.070512,0.047743999999999995,0.19642400000000002,0.20256
overlap_p4_d12,overlap,16,decode_sample,4,8,10,0.1295136,0.10689599999999999,0.2270384,0.232064
overlap_p4_d12,overlap,16,decode_sample,4,12,9,0.12673422222222222,0.142816,0.19962239999999998,0.230688
overlap_p4_d12,overlap,16,prefill_cache_commit,1,0,1,0.003072,0.003072,0.003072,0.003072
overlap_p4_d12,overlap,16,prefill_cache_commit,3,0,1,0.003072,0.003072,0.003072,0.003072
overlap_p4_d12,overlap,16,prefill_cache_commit,4,0,14,0.0035908571428571426,0.003616,0.004096,0.004096
overlap_p4_d12,overlap,16,prefill_cache_commit,4,4,14,0.0038034285714285713,0.004096,0.0044544,0.00512
overlap_p4_d12,overlap,16,prefill_cache_commit,4,8,10,0.003584,0.003584,0.004096,0.004096
overlap_p4_d12,overlap,16,prefill_cache_commit,4,12,9,0.0037795555555555555,0.004096,0.004096,0.004096
overlap_p4_d12,overlap,16,prefill_engine,1,0,1,18.484224,18.484224,18.484224,18.484224
overlap_p4_d12,overlap,16,prefill_engine,3,0,1,35.424255,35.424255,35.424255,35.424255
overlap_p4_d12,overlap,16,prefill_engine,4,0,14,48.43377842857143,48.2785285,56.043571899999996,56.351746
overlap_p4_d12,overlap,16,prefill_engine,4,4,14,50.86326914285714,51.394048999999995,58.668903750000005,59.088898
overlap_p4_d12,overlap,16,prefill_engine,4,8,10,55.84063,55.391391999999996,58.983068849999995,59.043102
overlap_p4_d12,overlap,16,prefill_engine,4,12,9,52.59190433333333,52.44928,59.0946306,59.131905
overlap_p4_d12,overlap,16,prefill_prepare,1,0,1,0.077824,0.077824,0.077824,0.077824
overlap_p4_d12,overlap,16,prefill_prepare,3,0,1,0.03968,0.03968,0.03968,0.03968
overlap_p4_d12,overlap,16,prefill_prepare,4,0,14,0.047750857142857144,0.047631999999999994,0.049152,0.049152
overlap_p4_d12,overlap,16,prefill_prepare,4,4,14,0.049072,0.04896,0.050758399999999995,0.05184
overlap_p4_d12,overlap,16,prefill_prepare,4,8,10,0.0484544,0.048128,0.050017599999999995,0.050176
overlap_p4_d12,overlap,16,prefill_prepare,4,12,9,0.047829333333333335,0.048128,0.049363199999999996,0.04976
overlap_p4_d12,overlap,16,prefill_sample,4,0,2,0.038720000000000004,0.038720000000000004,0.0414848,0.041792
overlap_p4_d12,overlap,16,prefill_sample,4,4,3,0.033504,0.0336,0.0354432,0.035648
overlap_p4_d12,overlap,16,prefill_sample,4,8,4,0.033856,0.034112,0.0354944,0.035648
overlap_p4_d12,overlap,16,prefill_sample,4,12,3,0.03232,0.031552,0.0343168,0.034624
overlap_p6_d10,overlap,16,decode_engine,0,2,1,7.20384,7.20384,7.20384,7.20384
overlap_p6_d10,overlap,16,decode_engine,0,8,1,14.820352,14.820352,14.820352,14.820352
overlap_p6_d10,overlap,16,decode_engine,0,10,53,14.879085886792453,14.809312,15.3604096,15.737856
overlap_p6_d10,overlap,16,decode_engine,2,10,4,23.09891975,22.941264,23.9740928,24.083456
overlap_p6_d10,overlap,16,decode_engine,4,6,2,37.498064,37.498064,53.504599999999996,55.283104
overlap_p6_d10,overlap,16,decode_engine,4,10,5,38.208102600000004,37.733376,39.983309,40.425472
overlap_p6_d10,overlap,16,decode_engine,6,4,7,30.519322714285714,21.992449,65.97624649999996,84.686012
overlap_p6_d10,overlap,16,decode_engine,6,6,5,25.1406332,24.897535,26.965401399999998,27.01824
overlap_p6_d10,overlap,16,decode_engine,6,10,2,44.5757445,44.5757445,45.51761925,45.622272
overlap_p6_d10,overlap,16,decode_prepare,0,2,1,0.01536,0.01536,0.01536,0.01536
overlap_p6_d10,overlap,16,decode_prepare,0,8,1,0.017248,0.017248,0.017248,0.017248
overlap_p6_d10,overlap,16,decode_prepare,0,10,53,0.017923622641509433,0.017344,0.0198208,0.040576
overlap_p6_d10,overlap,16,decode_prepare,2,10,4,0.024576,0.025088,0.0347648,0.03584
overlap_p6_d10,overlap,16,decode_prepare,4,6,2,0.018944000000000003,0.018944000000000003,0.0194048,0.019456
overlap_p6_d10,overlap,16,decode_prepare,4,10,5,0.0200704,0.019456,0.027033599999999998,0.027648
overlap_p6_d10,overlap,16,decode_prepare,6,4,7,0.018870857142857144,0.01536,0.037068799999999985,0.045056
overlap_p6_d10,overlap,16,decode_prepare,6,6,5,0.0280832,0.0288,0.0425984,0.044032
overlap_p6_d10,overlap,16,decode_prepare,6,10,2,0.019456,0.019456,0.019456,0.019456
overlap_p6_d10,overlap,16,decode_sample,0,2,1,0.020928,0.020928,0.020928,0.020928
overlap_p6_d10,overlap,16,decode_sample,0,8,1,0.04944,0.04944,0.04944,0.04944
overlap_p6_d10,overlap,16,decode_sample,0,10,53,0.05993358490566038,0.059808,0.0633088,0.063904
overlap_p6_d10,overlap,16,decode_sample,2,10,4,0.07796,0.06432,0.11847999999999997,0.12688
overlap_p6_d10,overlap,16,decode_sample,4,6,2,0.049600000000000005,0.049600000000000005,0.056972800000000004,0.057792
overlap_p6_d10,overlap,16,decode_sample,4,10,5,0.1712064,0.150368,0.23820159999999999,0.247008
overlap_p6_d10,overlap,16,decode_sample,6,4,7,0.07125028571428571,0.043488,0.18514879999999984,0.240608
overlap_p6_d10,overlap,16,decode_sample,6,6,5,0.14206080000000001,0.144384,0.2531712,0.272832
overlap_p6_d10,overlap,16,decode_sample,6,10,2,0.21499200000000002,0.21499200000000002,0.2766384,0.283488
overlap_p6_d10,overlap,16,prefill_cache_commit,1,0,1,0.003072,0.003072,0.003072,0.003072
overlap_p6_d10,overlap,16,prefill_cache_commit,2,10,4,0.0033280000000000002,0.003072,0.0039423999999999996,0.004096
overlap_p6_d10,overlap,16,prefill_cache_commit,3,0,1,0.003072,0.003072,0.003072,0.003072
overlap_p6_d10,overlap,16,prefill_cache_commit,4,0,2,0.003584,0.003584,0.0040447999999999994,0.004096
overlap_p6_d10,overlap,16,prefill_cache_commit,4,6,2,0.004608,0.004608,0.0050688,0.00512
overlap_p6_d10,overlap,16,prefill_cache_commit,4,10,5,0.003072,0.003072,0.003072,0.003072
overlap_p6_d10,overlap,16,prefill_cache_commit,6,0,10,0.0038912,0.004096,0.004096,0.004096
overlap_p6_d10,overlap,16,prefill_cache_commit,6,4,7,0.004013714285714285,0.004096,0.004812799999999999,0.00512
overlap_p6_d10,overlap,16,prefill_cache_commit,6,6,5,0.0036864,0.004096,0.004096,0.004096
overlap_p6_d10,overlap,16,prefill_cache_commit,6,10,2,0.0032960000000000003,0.0032960000000000003,0.0034976,0.00352
overlap_p6_d10,overlap,16,prefill_engine,1,0,1,18.573313,18.573313,18.573313,18.573313
overlap_p6_d10,overlap,16,prefill_engine,2,10,4,31.35590375,31.644160499999998,35.7895663,36.172798
overlap_p6_d10,overlap,16,prefill_engine,3,0,1,35.628033,35.628033,35.628033,35.628033
overlap_p6_d10,overlap,16,prefill_engine,4,0,2,40.745983,40.745983,40.8538102,40.865791
overlap_p6_d10,overlap,16,prefill_engine,4,6,2,48.6835195,48.6835195,52.29480955,52.696064
overlap_p6_d10,overlap,16,prefill_engine,4,10,5,55.4721276,55.793663,59.2017404,59.283455
overlap_p6_d10,overlap,16,prefill_engine,6,0,10,70.8016262,71.960579,80.2085385,80.587776
overlap_p6_d10,overlap,16,prefill_engine,6,4,7,73.894766,76.400642,82.0240373,82.244606
overlap_p6_d10,overlap,16,prefill_engine,6,6,5,80.8778306,79.432701,85.3043232,85.599236
overlap_p6_d10,overlap,16,prefill_engine,6,10,2,84.39449300000001,84.39449300000001,84.8981474,84.954109
overlap_p6_d10,overlap,16,prefill_prepare,1,0,1,0.076128,0.076128,0.076128,0.076128
overlap_p6_d10,overlap,16,prefill_prepare,2,10,4,0.035224,0.035328,0.0363568,0.036448
overlap_p6_d10,overlap,16,prefill_prepare,3,0,1,0.041248,0.041248,0.041248,0.041248
overlap_p6_d10,overlap,16,prefill_prepare,4,0,2,0.04752,0.04752,0.0478944,0.047936
overlap_p6_d10,overlap,16,prefill_prepare,4,6,2,0.049024,0.049024,0.0498304,0.04992
overlap_p6_d10,overlap,16,prefill_prepare,4,10,5,0.049632,0.049856,0.050176,0.050176
overlap_p6_d10,overlap,16,prefill_prepare,6,0,10,0.057363199999999996,0.056111999999999995,0.0633648,0.065568
overlap_p6_d10,overlap,16,prefill_prepare,6,4,7,0.05614171428571429,0.056096,0.058368,0.058368
overlap_p6_d10,overlap,16,prefill_prepare,6,6,5,0.056832,0.056992,0.0589504,0.059392
overlap_p6_d10,overlap,16,prefill_prepare,6,10,2,0.055664000000000005,0.055664000000000005,0.0562544,0.05632
overlap_p6_d10,overlap,16,prefill_sample,2,10,1,0.020288,0.020288,0.020288,0.020288
overlap_p6_d10,overlap,16,prefill_sample,4,10,2,0.036192,0.036192,0.0384672,0.03872
overlap_p6_d10,overlap,16,prefill_sample,6,0,2,0.046928,0.046928,0.0506,0.051008
overlap_p6_d10,overlap,16,prefill_sample,6,4,3,0.045152,0.045536,0.0459968,0.046048
overlap_p6_d10,overlap,16,prefill_sample,6,6,2,0.042319999999999997,0.042319999999999997,0.0427952,0.042848
overlap_p6_d10,overlap,16,prefill_sample,6,10,2,0.042016,0.042016,0.0427648,0.042848
overlap_p8_d8,overlap,16,decode_engine,0,8,78,14.839307487179488,14.771808,15.174348799999999,15.566144
overlap_p8_d8,overlap,16,decode_engine,8,8,12,53.80403208333333,53.026304499999995,58.03545655,58.770432
overlap_p8_d8,overlap,16,decode_prepare,0,8,78,0.01754379487179487,0.017024,0.018527999999999996,0.042144
overlap_p8_d8,overlap,16,decode_prepare,8,8,12,0.016981333333333334,0.014336,0.0294912,0.031744
overlap_p8_d8,overlap,16,decode_sample,0,8,78,0.05102030769230769,0.051488,0.0535408,0.054784
overlap_p8_d8,overlap,16,decode_sample,8,8,12,0.221016,0.209712,0.4001184,0.444224
overlap_p8_d8,overlap,16,prefill_cache_commit,1,0,1,0.004096,0.004096,0.004096,0.004096
overlap_p8_d8,overlap,16,prefill_cache_commit,7,0,1,0.003488,0.003488,0.003488,0.003488
overlap_p8_d8,overlap,16,prefill_cache_commit,8,0,11,0.004029090909090909,0.004096,0.004608,0.00512
overlap_p8_d8,overlap,16,prefill_cache_commit,8,8,12,0.0038399999999999997,0.004096,0.004096,0.004096
overlap_p8_d8,overlap,16,prefill_engine,1,0,1,18.63616,18.63616,18.63616,18.63616
overlap_p8_d8,overlap,16,prefill_engine,7,0,1,68.739075,68.739075,68.739075,68.739075
overlap_p8_d8,overlap,16,prefill_engine,8,0,11,88.18390172727273,88.700928,103.8883855,104.08448
overlap_p8_d8,overlap,16,prefill_engine,8,8,12,97.52841375,99.23947150000001,106.6588692,106.731522
overlap_p8_d8,overlap,16,prefill_prepare,1,0,1,0.077824,0.077824,0.077824,0.077824
overlap_p8_d8,overlap,16,prefill_prepare,7,0,1,0.086016,0.086016,0.086016,0.086016
overlap_p8_d8,overlap,16,prefill_prepare,8,0,11,0.06973672727272727,0.069824,0.074672,0.074752
overlap_p8_d8,overlap,16,prefill_prepare,8,8,12,0.071328,0.070464,0.0780592,0.083744
overlap_p8_d8,overlap,16,prefill_sample,8,0,2,0.053680000000000005,0.053680000000000005,0.0567184,0.057056
overlap_p8_d8,overlap,16,prefill_sample,8,8,4,0.05116,0.050912,0.0517824,0.051936
overlap_p10_d6,overlap,16,decode_engine,0,6,101,8.059614732673268,8.027136,8.239104,8.348672
overlap_p10_d6,overlap,16,decode_engine,2,4,1,24.596479,24.596479,24.596479,24.596479
overlap_p10_d6,overlap,16,decode_engine,2,6,6,14.420992,14.493696,15.191040000000001,15.215616
overlap_p10_d6,overlap,16,decode_engine,4,6,6,20.503893333333334,20.402687999999998,21.744640500000003,21.762049
overlap_p10_d6,overlap,16,decode_engine,8,4,1,26.432512,26.432512,26.432512,26.432512
overlap_p10_d6,overlap,16,decode_engine,8,6,3,31.874730333333336,31.941631,33.112063,33.242111
overlap_p10_d6,overlap,16,decode_engine,10,4,4,32.402176,32.5411845,33.4900217,33.503231
overlap_p10_d6,overlap,16,decode_prepare,0,6,101,0.016788277227722772,0.016704,0.017408,0.017408
overlap_p10_d6,overlap,16,decode_prepare,2,4,1,0.02048,0.02048,0.02048,0.02048
overlap_p10_d6,overlap,16,decode_prepare,2,6,6,0.020650666666666668,0.018944000000000003,0.034048,0.038912
overlap_p10_d6,overlap,16,decode_prepare,4,6,6,0.016042666666666667,0.01536,0.02176,0.022528
overlap_p10_d6,overlap,16,decode_prepare,8,4,1,0.02048,0.02048,0.02048,0.02048
overlap_p10_d6,overlap,16,decode_prepare,8,6,3,0.9263786666666667,0.315392,2.2387711999999995,2.45248
overlap_p10_d6,overlap,16,decode_prepare,10,4,4,0.013824,0.013824,0.0171008,0.017408
overlap_p10_d6,overlap,16,decode_sample,0,6,101,0.04346930693069307,0.043424,0.046528,0.047552
overlap_p10_d6,overlap,16,decode_sample,2,4,1,0.033216,0.033216,0.033216,0.033216
overlap_p10_d6,overlap,16,decode_sample,2,6,6,0.06359466666666667,0.051344,0.108936,0.125984
overlap_p10_d6,overlap,16,decode_sample,4,6,6,0.079248,0.073216,0.117168,0.125376
overlap_p10_d6,overlap,16,decode_sample,8,4,1,0.052512,0.052512,0.052512,0.052512
overlap_p10_d6,overlap,16,decode_sample,8,6,3,0.322112,0.36288,0.41264639999999997,0.418176
overlap_p10_d6,overlap,16,decode_sample,10,4,4,0.117152,0.070576,0.26127199999999995,0.290144
overlap_p10_d6,overlap,16,prefill_cache_commit,1,0,1,0.003072,0.003072,0.003072,0.003072
overlap_p10_d6,overlap,16,prefill_cache_commit,2,0,1,0.003072,0.003072,0.003072,0.003072
overlap_p10_d6,overlap,16,prefill_cache_commit,2,4,1,0.004096,0.004096,0.004096,0.004096
overlap_p10_d6,overlap,16,prefill_cache_commit,2,6,6,0.0034666666666666665,0.003232,0.004096,0.004096
overlap_p10_d6,overlap,16,prefill_cache_commit,4,0,1,0.004096,0.004096,0.004096,0.004096
overlap_p10_d6,overlap,16,prefill_cache_commit,4,6,6,0.003461333333333333,0.003216,0.004096,0.004096
overlap_p10_d6,overlap,16,prefill_cache_commit,5,0,1,0.004096,0.004096,0.004096,0.004096
overlap_p10_d6,overlap,16,prefill_cache_commit,8,4,1,0.004096,0.004096,0.004096,0.004096
overlap_p10_d6,overlap,16,prefill_cache_commit,8,6,3,0.0034133333333333333,0.003072,0.0039936,0.004096
overlap_p10_d6,overlap,16,prefill_cache_commit,10,0,7,0.0038857142857142857,0.004096,0.004096,0.004096
overlap_p10_d6,overlap,16,prefill_cache_commit,10,4,4,0.003584,0.003584,0.004096,0.004096
overlap_p10_d6,overlap,16,prefill_engine,1,0,1,18.739201,18.739201,18.739201,18.739201
overlap_p10_d6,overlap,16,prefill_engine,2,0,1,24.323072,24.323072,24.323072,24.323072
overlap_p10_d6,overlap,16,prefill_engine,2,4,1,25.500671,25.500671,25.500671,25.500671
overlap_p10_d6,overlap,16,prefill_engine,2,6,6,33.194325166666665,33.893375500000005,36.1661445,36.279297
overlap_p10_d6,overlap,16,prefill_engine,4,0,1,40.863743,40.863743,40.863743,40.863743
overlap_p10_d6,overlap,16,prefill_engine,4,6,6,53.301589166666666,54.212608,58.47731225,59.461632
overlap_p10_d6,overlap,16,prefill_engine,5,0,1,50.683006,50.683006,50.683006,50.683006
overlap_p10_d6,overlap,16,prefill_engine,8,4,1,77.739006,77.739006,77.739006,77.739006
overlap_p10_d6,overlap,16,prefill_engine,8,6,3,105.11394233333333,105.239555,106.5473063,106.692612
overlap_p10_d6,overlap,16,prefill_engine,10,0,7,110.87740342857143,114.630653,125.1471362,127.478783
overlap_p10_d6,overlap,16,prefill_engine,10,4,4,121.065586,121.37472149999999,124.46218495,124.466179
overlap_p10_d6,overlap,16,prefill_prepare,1,0,1,0.077824,0.077824,0.077824,0.077824
overlap_p10_d6,overlap,16,prefill_prepare,2,0,1,0.034816,0.034816,0.034816,0.034816
overlap_p10_d6,overlap,16,prefill_prepare,2,4,1,0.034816,0.034816,0.034816,0.034816
overlap_p10_d6,overlap,16,prefill_prepare,2,6,6,0.03472533333333333,0.034816,0.035368,0.035552
overlap_p10_d6,overlap,16,prefill_prepare,4,0,1,0.047936,0.047936,0.047936,0.047936
overlap_p10_d6,overlap,16,prefill_prepare,4,6,6,0.04910933333333333,0.049152,0.050064,0.05008
overlap_p10_d6,overlap,16,prefill_prepare,5,0,1,0.053248,0.053248,0.053248,0.053248
overlap_p10_d6,overlap,16,prefill_prepare,8,4,1,0.070656,0.070656,0.070656,0.070656
overlap_p10_d6,overlap,16,prefill_prepare,8,6,3,0.06903466666666666,0.069376,0.069376,0.069376
overlap_p10_d6,overlap,16,prefill_prepare,10,0,7,0.079616,0.078688,0.08192,0.08192
overlap_p10_d6,overlap,16,prefill_prepare,10,4,4,0.08004800000000001,0.079872,0.08052480000000001,0.08064
overlap_p10_d6,overlap,16,prefill_sample,2,6,2,0.01976,0.01976,0.0202064,0.020256
overlap_p10_d6,overlap,16,prefill_sample,4,6,2,0.034112,0.034112,0.035494399999999995,0.035648
overlap_p10_d6,overlap,16,prefill_sample,8,6,3,0.05069866666666667,0.050272,0.0517696,0.051936
overlap_p10_d6,overlap,16,prefill_sample,10,0,2,0.063392,0.063392,0.0642272,0.06432
overlap_p10_d6,overlap,16,prefill_sample,10,4,2,0.059744,0.059744,0.062048,0.062304
overlap_p12_d4,overlap,16,decode_engine,0,4,162,7.433801283950618,7.421952,7.5767296,7.66976
overlap_p12_d4,overlap,16,decode_engine,4,4,10,17.1798528,16.927744,18.92623415,18.946049
overlap_p12_d4,overlap,16,decode_engine,8,4,4,26.618623499999998,26.2758395,27.6368886,27.848703
overlap_p12_d4,overlap,16,decode_engine,12,4,4,35.79033475,35.928062499999996,36.1607148,36.19635
overlap_p12_d4,overlap,16,decode_prepare,0,4,162,0.016761086419753088,0.016416,0.01756,0.026528
overlap_p12_d4,overlap,16,decode_prepare,4,4,10,0.018636800000000002,0.019456,0.024319999999999994,0.026624
overlap_p12_d4,overlap,16,decode_prepare,8,4,4,0.549632,0.108544,1.6955391999999994,1.96096
overlap_p12_d4,overlap,16,decode_prepare,12,4,4,0.050688000000000004,0.050688000000000004,0.0879104,0.088064
overlap_p12_d4,overlap,16,decode_sample,0,4,162,0.032929185185185186,0.03216,0.036256,0.039296
overlap_p12_d4,overlap,16,decode_sample,4,4,10,0.0798912,0.048576,0.19954079999999996,0.216864
overlap_p12_d4,overlap,16,decode_sample,8,4,4,0.155168,0.07436799999999999,0.3696415999999999,0.420704
overlap_p12_d4,overlap,16,decode_sample,12,4,4,0.12132799999999999,0.0612,0.2746591999999999,0.31088
overlap_p12_d4,overlap,16,prefill_cache_commit,1,0,1,0.003072,0.003072,0.003072,0.003072
overlap_p12_d4,overlap,16,prefill_cache_commit,3,0,1,0.003072,0.003072,0.003072,0.003072
overlap_p12_d4,overlap,16,prefill_cache_commit,4,0,2,0.003072,0.003072,0.003072,0.003072
overlap_p12_d4,overlap,16,prefill_cache_commit,4,4,10,0.003584,0.003584,0.004096,0.004096
overlap_p12_d4,overlap,16,prefill_cache_commit,8,4,4,0.003624,0.0036639999999999997,0.004096,0.004096
overlap_p12_d4,overlap,16,prefill_cache_commit,12,0,5,0.0036864,0.004096,0.004096,0.004096
overlap_p12_d4,overlap,16,prefill_cache_commit,12,4,4,0.003688,0.0037920000000000002,0.004096,0.004096
overlap_p12_d4,overlap,16,prefill_engine,1,0,1,18.76992,18.76992,18.76992,18.76992
overlap_p12_d4,overlap,16,prefill_engine,3,0,1,36.794369,36.794369,36.794369,36.794369
overlap_p12_d4,overlap,16,prefill_engine,4,0,2,40.997889,40.997889,41.0835978,41.093121
overlap_p12_d4,overlap,16,prefill_engine,4,4,10,52.6101886,53.424640499999995,59.063038999999996,59.323391
overlap_p12_d4,overlap,16,prefill_engine,8,4,4,89.950817,88.10157000000001,105.11621235,106.247169
overlap_p12_d4,overlap,16,prefill_engine,12,0,5,133.440103,139.110397,145.2728364,146.65831
overlap_p12_d4,overlap,16,prefill_engine,12,4,4,148.2624015,147.4764865,155.7119992,156.257278
overlap_p12_d4,overlap,16,prefill_prepare,1,0,1,0.0768,0.0768,0.0768,0.0768
overlap_p12_d4,overlap,16,prefill_prepare,3,0,1,0.043616,0.043616,0.043616,0.043616
overlap_p12_d4,overlap,16,prefill_prepare,4,0,2,0.049312,0.049312,0.0497728,0.049824
overlap_p12_d4,overlap,16,prefill_prepare,4,4,10,0.051702399999999996,0.051536,0.054374399999999996,0.055296
overlap_p12_d4,overlap,16,prefill_prepare,8,4,4,0.070488,0.07070399999999999,0.0717888,0.071808
overlap_p12_d4,overlap,16,prefill_prepare,12,0,5,0.0922112,0.093792,0.0949568,0.095232
overlap_p12_d4,overlap,16,prefill_prepare,12,4,4,0.09038399999999999,0.090736,0.0911264,0.091136
overlap_p12_d4,overlap,16,prefill_sample,4,4,2,0.034112,0.034112,0.035494399999999995,0.035648
overlap_p12_d4,overlap,16,prefill_sample,8,4,1,0.05296,0.05296,0.05296,0.05296
overlap_p12_d4,overlap,16,prefill_sample,12,0,2,0.071664,0.071664,0.0752208,0.075616
overlap_p12_d4,overlap,16,prefill_sample,12,4,3,0.06981333333333334,0.070496,0.07233919999999999,0.072544
overlap_p14_d2,overlap,16,decode_engine,0,2,327,7.021648440366972,7.012352,7.064064,7.174144
overlap_p14_d2,overlap,16,decode_engine,2,2,18,11.630933333333333,11.691008,12.4840448,12.486656
overlap_p14_d2,overlap,16,decode_engine,4,2,6,15.0272,15.237632,16.055296,16.088064
overlap_p14_d2,overlap,16,decode_engine,6,2,4,19.404544,19.315199999999997,20.72581035,20.780031
overlap_p14_d2,overlap,16,decode_engine,8,2,3,22.361429333333334,21.861376,24.0252928,24.265728
overlap_p14_d2,overlap,16,decode_engine,10,2,1,29.35808,29.35808,29.35808,29.35808
overlap_p14_d2,overlap,16,decode_engine,12,2,1,34.538494,34.538494,34.538494,34.538494
overlap_p14_d2,overlap,16,decode_prepare,0,2,327,0.016918996941896025,0.016928,0.017408,0.021504
overlap_p14_d2,overlap,16,decode_prepare,2,2,18,0.020195555555555557,0.019456,0.04070399999999999,0.045056
overlap_p14_d2,overlap,16,decode_prepare,4,2,6,0.020479999999999998,0.020479999999999998,0.026368,0.027648
overlap_p14_d2,overlap,16,decode_prepare,6,2,4,0.018688,0.019456,0.0211968,0.021504
overlap_p14_d2,overlap,16,decode_prepare,8,2,3,1.2598613333333333,1.622016,2.0846592,2.136064
overlap_p14_d2,overlap,16,decode_prepare,10,2,1,0.011264,0.011264,0.011264,0.011264
overlap_p14_d2,overlap,16,decode_prepare,12,2,1,0.011264,0.011264,0.011264,0.011264
overlap_p14_d2,overlap,16,decode_sample,0,2,327,0.02085607339449541,0.020896,0.0241312,0.0296
overlap_p14_d2,overlap,16,decode_sample,2,2,18,0.059701333333333335,0.029632,0.1690336,0.169088
overlap_p14_d2,overlap,16,decode_sample,4,2,6,0.060143999999999996,0.042464,0.127128,0.14512
overlap_p14_d2,overlap,16,decode_sample,6,2,4,0.032608,0.030624,0.0402304,0.041824
overlap_p14_d2,overlap,16,decode_sample,8,2,3,0.04974933333333333,0.04592,0.0604064,0.062016
overlap_p14_d2,overlap,16,decode_sample,10,2,1,0.039136,0.039136,0.039136,0.039136
overlap_p14_d2,overlap,16,decode_sample,12,2,1,0.196896,0.196896,0.196896,0.196896
overlap_p14_d2,overlap,16,prefill_cache_commit,1,0,2,0.004096,0.004096,0.004096,0.004096
overlap_p14_d2,overlap,16,prefill_cache_commit,2,0,2,0.003072,0.003072,0.003072,0.003072
overlap_p14_d2,overlap,16,prefill_cache_commit,2,2,18,0.0035128888888888887,0.003216,0.004096,0.004096
overlap_p14_d2,overlap,16,prefill_cache_commit,4,2,6,0.003482666666666667,0.00328,0.004096,0.004096
overlap_p14_d2,overlap,16,prefill_cache_commit,6,2,4,0.0038399999999999997,0.004096,0.004096,0.004096
overlap_p14_d2,overlap,16,prefill_cache_commit,8,2,3,0.0037546666666666666,0.004096,0.004096,0.004096
overlap_p14_d2,overlap,16,prefill_cache_commit,10,2,1,0.004096,0.004096,0.004096,0.004096
overlap_p14_d2,overlap,16,prefill_cache_commit,12,2,1,0.003072,0.003072,0.003072,0.003072
overlap_p14_d2,overlap,16,prefill_cache_commit,14,0,4,0.0038399999999999997,0.004096,0.004096,0.004096
overlap_p14_d2,overlap,16,prefill_engine,1,0,2,19.314175499999997,19.314175499999997,19.87681185,19.939327
overlap_p14_d2,overlap,16,prefill_engine,2,0,2,24.322560000000003,24.322560000000003,24.3303936,24.331264
overlap_p14_d2,overlap,16,prefill_engine,2,2,18,31.054698666666667,30.6974725,35.03728725,35.101696
overlap_p14_d2,overlap,16,prefill_engine,4,2,6,47.9626235,44.259327,56.642303999999996,57.227264
overlap_p14_d2,overlap,16,prefill_engine,6,2,4,80.67148975,80.6958085,84.8601637,85.100548
overlap_p14_d2,overlap,16,prefill_engine,8,2,3,98.31735466666667,98.771072,100.6722149,100.883453
overlap_p14_d2,overlap,16,prefill_engine,10,2,1,123.618301,123.618301,123.618301,123.618301
overlap_p14_d2,overlap,16,prefill_engine,12,2,1,145.089539,145.089539,145.089539,145.089539
overlap_p14_d2,overlap,16,prefill_engine,14,0,4,151.4071025,154.61068699999998,170.454934,172.211197
overlap_p14_d2,overlap,16,prefill_prepare,1,0,2,0.054560000000000004,0.054560000000000004,0.0772832,0.079808
overlap_p14_d2,overlap,16,prefill_prepare,2,0,2,0.033792,0.033792,0.033792,0.033792
overlap_p14_d2,overlap,16,prefill_prepare,2,2,18,0.03484977777777778,0.034448,0.03658879999999999,0.043008
overlap_p14_d2,overlap,16,prefill_prepare,4,2,6,0.049104,0.04904,0.050176,0.050176
overlap_p14_d2,overlap,16,prefill_prepare,6,2,4,0.057056,0.05728,0.057344,0.057344
overlap_p14_d2,overlap,16,prefill_prepare,8,2,3,0.07026133333333333,0.070656,0.0714336,0.07152
overlap_p14_d2,overlap,16,prefill_prepare,10,2,1,0.078816,0.078816,0.078816,0.078816
overlap_p14_d2,overlap,16,prefill_prepare,12,2,1,0.089088,0.089088,0.089088,0.089088
overlap_p14_d2,overlap,16,prefill_prepare,14,0,4,0.09980800000000001,0.09984,0.1020928,0.1024
overlap_p14_d2,overlap,16,prefill_sample,2,2,4,0.021568,0.021312,0.0232064,0.02336
overlap_p14_d2,overlap,16,prefill_sample,4,2,2,0.035648,0.035648,0.0384128,0.03872
overlap_p14_d2,overlap,16,prefill_sample,6,2,3,0.044192,0.043872,0.045686399999999995,0.045888
overlap_p14_d2,overlap,16,prefill_sample,8,2,2,0.053472,0.053472,0.053932799999999996,0.053984
overlap_p14_d2,overlap,16,prefill_sample,10,2,1,0.06336,0.06336,0.06336,0.06336
overlap_p14_d2,overlap,16,prefill_sample,12,2,1,0.069472,0.069472,0.069472,0.069472
overlap_p14_d2,overlap,16,prefill_sample,14,0,1,0.084864,0.084864,0.084864,0.084864
overlap_p15_d1,overlap,16,decode_engine,0,1,672,6.949793761904762,6.938624,7.0046208,7.405568
overlap_p15_d1,overlap,16,decode_engine,1,1,15,9.588667733333333,9.649152,9.8125824,9.821184
overlap_p15_d1,overlap,16,decode_engine,2,1,15,11.6283392,11.805696,11.994112,12.051456
overlap_p15_d1,overlap,16,decode_engine,3,1,6,12.16,12.05504,12.885760000000001,13.126656
overlap_p15_d1,overlap,16,decode_engine,4,1,1,13.9008,13.9008,13.9008,13.9008
overlap_p15_d1,overlap,16,decode_engine,5,1,4,17.2190725,17.239552500000002,17.890559999999997,17.934336
overlap_p15_d1,overlap,16,decode_engine,6,1,7,18.333256714285714,17.808384,20.1556982,20.938751
overlap_p15_d1,overlap,16,decode_prepare,0,1,672,0.016624285714285713,0.016384,0.018155199999999993,0.043264
overlap_p15_d1,overlap,16,decode_prepare,1,1,15,0.0207488,0.018432,0.04136959999999999,0.047104
overlap_p15_d1,overlap,16,decode_prepare,2,1,15,0.022459733333333332,0.018432,0.045977599999999993,0.048128
overlap_p15_d1,overlap,16,decode_prepare,3,1,6,0.013824000000000001,0.013312000000000001,0.019200000000000002,0.02048
overlap_p15_d1,overlap,16,decode_prepare,4,1,1,0.011264,0.011264,0.011264,0.011264
overlap_p15_d1,overlap,16,decode_prepare,5,1,4,0.067072,0.068096,0.123136,0.123904
overlap_p15_d1,overlap,16,decode_prepare,6,1,7,0.016822857142857143,0.017408,0.0188416,0.019456
overlap_p15_d1,overlap,16,decode_sample,0,1,672,0.021315428571428572,0.020928,0.024992,0.03424
overlap_p15_d1,overlap,16,decode_sample,1,1,15,0.024874666666666666,0.021952,0.036412799999999974,0.052384
overlap_p15_d1,overlap,16,decode_sample,2,1,15,0.031921066666666664,0.024416,0.06091839999999993,0.106368
overlap_p15_d1,overlap,16,decode_sample,3,1,6,0.05131733333333333,0.028656,0.129136,0.154528
overlap_p15_d1,overlap,16,decode_sample,4,1,1,0.029024,0.029024,0.029024,0.029024
overlap_p15_d1,overlap,16,decode_sample,5,1,4,0.056984,0.061728000000000005,0.0793152,0.080064
overlap_p15_d1,overlap,16,decode_sample,6,1,7,0.06656457142857143,0.035936,0.11600959999999999,0.11792
overlap_p15_d1,overlap,16,prefill_cache_commit,1,0,3,0.0034346666666666666,0.003136,0.004,0.004096
overlap_p15_d1,overlap,16,prefill_cache_commit,1,1,15,0.0035797333333333335,0.003456,0.004096,0.004096
overlap_p15_d1,overlap,16,prefill_cache_commit,2,1,15,0.0034026666666666667,0.003072,0.004096,0.004096
overlap_p15_d1,overlap,16,prefill_cache_commit,3,1,6,0.003925333333333333,0.004096,0.004096,0.004096
overlap_p15_d1,overlap,16,prefill_cache_commit,4,1,1,0.003072,0.003072,0.003072,0.003072
overlap_p15_d1,overlap,16,prefill_cache_commit,5,1,4,0.003088,0.003072,0.0031264,0.003136
overlap_p15_d1,overlap,16,prefill_cache_commit,6,1,7,0.0036845714285714285,0.004096,0.004096,0.004096
overlap_p15_d1,overlap,16,prefill_cache_commit,15,0,4,0.0038399999999999997,0.004096,0.004096,0.004096
overlap_p15_d1,overlap,16,prefill_engine,1,0,3,18.500746333333332,18.358273,18.790876,18.838943
overlap_p15_d1,overlap,16,prefill_engine,1,1,15,22.8867072,22.689793,25.9501152,25.995296
overlap_p15_d1,overlap,16,prefill_engine,2,1,15,28.5217796,27.533312,33.016938599999996,33.031521
overlap_p15_d1,overlap,16,prefill_engine,3,1,6,46.56249033333333,46.821935499999995,48.547073,48.728065
overlap_p15_d1,overlap,16,prefill_engine,4,1,1,52.560898,52.560898,52.560898,52.560898
overlap_p15_d1,overlap,16,prefill_engine,5,1,4,65.94375975,66.1081275,66.59061799999999,66.614273
overlap_p15_d1,overlap,16,prefill_engine,6,1,7,79.398674,79.400322,79.4422272,79.444992
overlap_p15_d1,overlap,16,prefill_engine,15,0,4,165.543938,168.63232449999998,186.8879909,188.968964
overlap_p15_d1,overlap,16,prefill_prepare,1,0,3,0.044928,0.027648,0.074304,0.079488
overlap_p15_d1,overlap,16,prefill_prepare,1,1,15,0.0288128,0.028704,0.030912,0.03136
overlap_p15_d1,overlap,16,prefill_prepare,2,1,15,0.034788266666666665,0.034816,0.035804800000000005,0.035872
overlap_p15_d1,overlap,16,prefill_prepare,3,1,6,0.039274666666666666,0.039424,0.039936,0.039936
overlap_p15_d1,overlap,16,prefill_prepare,4,1,1,0.048128,0.048128,0.048128,0.048128
overlap_p15_d1,overlap,16,prefill_prepare,5,1,4,0.050432,0.050176,0.0510464,0.0512
overlap_p15_d1,overlap,16,prefill_prepare,6,1,7,0.05736685714285714,0.05632,0.0630688,0.065536
overlap_p15_d1,overlap,16,prefill_prepare,15,0,4,0.105352,0.10606399999999999,0.10794880000000001,0.10816
overlap_p15_d1,overlap,16,prefill_sample,1,1,2,0.021808,0.021808,0.024097599999999997,0.024352
overlap_p15_d1,overlap,16,prefill_sample,2,1,3,0.022314666666666667,0.022304,0.0223328,0.022336
overlap_p15_d1,overlap,16,prefill_sample,3,1,5,0.0278656,0.02848,0.0301184,0.030528
overlap_p15_d1,overlap,16,prefill_sample,5,1,4,0.037168,0.0364,0.039315199999999995,0.039776
overlap_p15_d1,overlap,16,prefill_sample,6,1,7,0.04476342857142857,0.044896,0.047660799999999996,0.047968
overlap_p15_d1,overlap,16,prefill_sample,15,0,1,0.089984,0.089984,0.089984,0.089984
