matrix,overlap_kind,encoder_batch,prefill_batch,decode_batch,overlap_percent,requests,generated_tokens,generated_token_s,ttft_mean_ms,ttft_p95_ms,tpot_mean_ms,tpot_p95_ms,e2e_mean_ms,e2e_p95_ms,peak_mib,encoder_batches,encoder_batch_observed_max,encoder_gpu_total_ms,experimental_opportunities,experimental_selections,action_fidelity_violations,actual_overlap_ms,actual_overlap_pct,all_idle_pct,token_hash,complete_output
ed,ed,1,8,32,0,40,6152,3191.5351688810797,103.61300952500001,426.1916479999998,9.82316911551047,9.923782264136126,1605.206876275,1925.25186045,9333,8,1,197.11078643798828,19,0,0,0.0,0.0,5.3006930948628534,a452578140f60fbf7737a787cf371385d9036590818ab1de45290ae072626d33,True
ed,ed,1,8,32,100,40,6152,3269.081776994634,116.252051975,421.1817216499999,9.587704674574606,9.681783739790577,1581.3866229999999,1879.05125315,9369,8,1,225.5548801422119,8,8,0,144.338867,7.692377240811902,5.095523975195783,a452578140f60fbf7737a787cf371385d9036590818ab1de45290ae072626d33,True
ep,ep,1,8,8,0,32,32,66.9802178112958,153.36177346875,416.4558499,0.0,0.0,153.584836375,416.4776498,9325,8,1,193.5600986480713,25,0,0,0.0,0.0,7.091556667434099,808e48ad3954fe6258c0fa1816fbbdf85db3764745650799572d261a782a3446,True
ep,ep,1,8,8,50,32,32,77.1365002687725,160.56924815625,372.5742449499999,0.0,0.0,160.7467134375,372.5931259999999,9351,8,1,253.06214714050293,14,7,0,173.54248,45.74039620253127,3.9182061966254906,808e48ad3954fe6258c0fa1816fbbdf85db3764745650799572d261a782a3446,True
ep,ep,4,8,8,0,32,32,74.81879822305355,164.13379246875,399.7479752,0.0,0.0,164.401215625,399.8166073,9351,3,4,191.71020889282227,14,0,0,0.0,0.0,7.066751749429417,808e48ad3954fe6258c0fa1816fbbdf85db3764745650799572d261a782a3446,True
ep,ep,4,8,8,100,32,32,76.4977421213302,228.99519975,397.53121845,0.0,0.0,229.30718590625,397.5520357,9387,4,4,194.64761543273926,3,3,0,152.402588,38.96307110362848,8.63207528562188,808e48ad3954fe6258c0fa1816fbbdf85db3764745650799572d261a782a3446,True
mixed,ep,4,8,32,0,64,6176,3165.1813649947135,101.94625078125,432.5257011999992,9.947988535176702,10.049745189528796,1054.933445328125,1948.8875927,9351,3,4,187.48003387451172,17,0,0,0.0,0.0,4.603663108059452,623eadb9737d192d298a1051b648a7f26997f7321a3df4c02f041ad6959d9bf0,True
mixed,ep,4,8,32,100,64,6176,3207.6418327185697,136.538532921875,385.5364059999997,9.810370139888743,9.91094399790576,1071.34743453125,1923.355808,9387,4,4,196.3335723876953,4,4,0,153.411743,7.962788539376128,5.74829836348113,623eadb9737d192d298a1051b648a7f26997f7321a3df4c02f041ad6959d9bf0,True
mixed,ed,4,8,32,100,64,6176,3210.052620746005,114.47831725,414.3126080499997,9.806771210078534,9.909836214921466,1047.90239203125,1921.31559225,9369,3,4,191.23712158203125,3,3,0,107.421265,5.585672533262929,5.390204583621388,623eadb9737d192d298a1051b648a7f26997f7321a3df4c02f041ad6959d9bf0,True
