runtime,offered_request_s,request_throughput_s,token_throughput_s,slo_pass_pct,request_goodput_s,token_goodput_s,repeats
current,19.5,18.382,1593.128,100.00,18.382,1593.128,1
current,29.3,26.692,2313.336,100.00,26.692,2313.336,1
current,39.0,34.337,2975.831,100.00,34.337,2975.831,1
current,48.8,37.467,3247.150,66.32,24.848,2123.137,1
current,97.5,40.929,3547.155,26.74,10.943,929.991,1
current,487.5,49.376,4279.288,24.31,12.001,1031.418,1
legacy_compat,48.8,37.436,3244.491,70.49,26.387,2242.026,1
vllm,39.0,34.360,2977.860,100.00,34.360,2977.860,1
vllm,48.8,40.948,3548.820,100.00,40.948,3548.820,1
